Total recorded crime,ENGLAND AND WALES,13.8 ,13.7 ,12.5 ,12.2 ,11.6 ,10.5 ,9.8 ,9.4 ,9.0 ,8.6 ,8.2 ,8.3 ,8.9 ,9.9 ,10.9 ,13.3 ,14.2 ,13.5 ,14.1 
Total recorded crime,ENGLAND,13.8 ,13.7 ,12.5 ,12.3 ,11.7 ,10.5 ,9.9 ,9.5 ,9.1 ,8.6 ,8.2 ,8.3 ,8.9 ,9.9 ,11.0 ,13.4 ,14.2 ,13.5 ,14.1 
Total recorded crime,North East,12.5 ,12.5 ,11.1 ,11.0 ,10.3 ,9.0 ,7.7 ,7.0 ,6.6 ,6.2 ,5.7 ,6.2 ,7.6 ,9.1 ,10.5 ,13.6 ,14.3 ,14.0 ,14.0 
Total recorded crime,Cleveland,16.8 ,16.8 ,14.9 ,14.7 ,13.1 ,12.2 ,9.5 ,8.7 ,8.3 ,8.3 ,8.0 ,7.7 ,9.2 ,11.0 ,11.5 ,14.5 ,15.6 ,14.8 ,15.8 
Total recorded crime,Durham,8.2 ,8.0 ,7.7 ,9.8 ,8.8 ,8.5 ,7.5 ,7.1 ,6.3 ,5.9 ,5.2 ,6.4 ,7.0 ,7.9 ,9.2 ,13.2 ,12.8 ,13.1 ,12.7 
Total recorded crime,Northumbria,12.6 ,12.7 ,11.0 ,10.1 ,9.7 ,8.0 ,7.1 ,6.3 ,6.0 ,5.5 ,5.1 ,5.5 ,7.3 ,8.9 ,10.8 ,13.5 ,14.4 ,14.1 ,13.9 
Total recorded crime,North West,16.5 ,16.3 ,14.4 ,13.7 ,12.9 ,11.2 ,10.5 ,9.7 ,9.1 ,8.5 ,8.2 ,8.7 ,9.6 ,10.6 ,12.0 ,15.9 ,16.8 ,16.3 ,16.3 
Total recorded crime,Cheshire,9.1 ,9.4 ,8.5 ,10.2 ,9.0 ,7.8 ,7.1 ,6.9 ,6.3 ,5.9 ,5.8 ,6.2 ,6.3 ,6.5 ,7.5 ,10.5 ,11.3 ,11.2 ,10.8 
Total recorded crime,Cumbria,7.2 ,7.6 ,7.9 ,7.4 ,6.4 ,5.8 ,5.0 ,4.8 ,5.2 ,4.6 ,4.7 ,5.1 ,5.9 ,6.7 ,7.0 ,9.0 ,11.4 ,9.6 ,11.3 
Total recorded crime,Greater Manchester,24.0 ,22.2 ,18.4 ,17.3 ,17.0 ,15.1 ,14.7 ,13.1 ,11.8 ,10.3 ,10.0 ,10.2 ,11.9 ,13.1 ,14.9 ,20.8 ,20.5 ,20.6 ,20.2 
Total recorded crime,Lancashire,11.0 ,12.3 ,11.0 ,10.2 ,9.6 ,8.9 ,8.2 ,7.5 ,8.0 ,7.7 ,8.0 ,8.7 ,8.8 ,9.5 ,11.1 ,14.0 ,17.8 ,15.4 ,17.0 
Total recorded crime,Merseyside,17.0 ,17.7 ,16.9 ,15.8 ,13.7 ,10.8 ,9.5 ,9.3 ,8.7 ,8.9 ,8.3 ,8.8 ,9.8 ,11.2 ,12.2 ,14.7 ,14.2 ,14.6 ,13.8 
Total recorded crime,Yorkshire and The Humber,17.5 ,16.6 ,13.5 ,13.6 ,13.0 ,11.9 ,11.1 ,10.3 ,9.9 ,9.2 ,8.7 ,8.9 ,9.7 ,11.3 ,13.2 ,15.9 ,17.3 ,16.1 ,17.2 
Total recorded crime,Humberside,19.4 ,19.9 ,16.6 ,15.5 ,14.5 ,12.0 ,10.8 ,9.9 ,10.0 ,9.3 ,9.0 ,9.8 ,10.3 ,11.0 ,12.2 ,15.1 ,17.0 ,15.5 ,16.6 
Total recorded crime,North Yorkshire,8.6 ,9.3 ,8.1 ,7.7 ,7.0 ,6.4 ,6.3 ,5.5 ,5.6 ,5.0 ,4.9 ,4.9 ,5.7 ,6.3 ,6.5 ,7.6 ,8.7 ,7.8 ,8.9 
Total recorded crime,South Yorkshire,15.9 ,13.4 ,12.3 ,14.0 ,13.4 ,12.3 ,10.7 ,9.6 ,9.1 ,8.8 ,9.0 ,9.6 ,10.4 ,11.2 ,14.2 ,16.2 ,16.9 ,16.2 ,16.7 
Total recorded crime,West Yorkshire,21.0 ,19.8 ,14.9 ,14.6 ,14.2 ,13.6 ,13.1 ,12.7 ,11.8 ,10.8 ,9.8 ,9.5 ,10.5 ,13.3 ,15.3 ,18.9 ,20.7 ,19.2 ,20.5 
Total recorded crime,East Midlands,14.3 ,14.4 ,12.8 ,11.8 ,11.6 ,10.6 ,10.0 ,9.3 ,8.1 ,7.3 ,7.0 ,7.4 ,8.1 ,8.9 ,9.8 ,11.7 ,13.1 ,12.1 ,13.2 
Total recorded crime,Derbyshire,13.1 ,12.7 ,10.7 ,9.8 ,9.8 ,9.0 ,8.3 ,7.9 ,7.8 ,6.6 ,6.1 ,6.7 ,7.0 ,8.0 ,8.6 ,9.9 ,11.4 ,10.3 ,11.8 
Total recorded crime,Leicestershire,11.9 ,12.7 ,12.9 ,11.4 ,11.4 ,10.7 ,10.1 ,9.2 ,7.5 ,7.2 ,6.7 ,7.4 ,7.6 ,8.0 ,9.3 ,11.7 ,12.6 ,11.9 ,13.0 
Total recorded crime,Lincolnshire,10.7 ,10.2 ,9.2 ,8.6 ,7.9 ,7.2 ,7.0 ,6.5 ,6.9 ,6.5 ,5.9 ,5.9 ,6.7 ,7.6 ,7.9 ,9.8 ,11.9 ,10.1 ,12.4 
Total recorded crime,Northamptonshire,13.3 ,14.5 ,13.0 ,12.7 ,12.0 ,10.8 ,10.2 ,9.5 ,8.4 ,8.5 ,8.7 ,7.9 ,9.3 ,10.5 ,11.7 ,12.8 ,14.5 ,13.1 ,14.4 
Total recorded crime,Nottinghamshire,20.3 ,20.1 ,16.9 ,15.5 ,15.5 ,14.1 ,13.4 ,12.3 ,9.7 ,7.9 ,7.9 ,8.7 ,9.9 ,10.3 ,11.3 ,14.1 ,14.9 ,14.4 ,14.6 
Total recorded crime,West Midlands ,14.6 ,14.7 ,12.8 ,12.3 ,11.9 ,10.9 ,10.0 ,9.6 ,9.9 ,8.9 ,8.2 ,8.3 ,8.9 ,10.2 ,11.7 ,13.9 ,14.9 ,13.9 ,14.9 
Total recorded crime,Staffordshire,10.8 ,11.1 ,10.2 ,10.1 ,9.8 ,8.5 ,7.9 ,7.9 ,7.1 ,6.3 ,6.5 ,7.2 ,7.9 ,9.4 ,10.9 ,12.5 ,12.0 ,12.3 ,11.8 
Total recorded crime,Warwickshire,9.1 ,10.3 ,9.2 ,9.1 ,9.6 ,8.3 ,7.5 ,7.4 ,7.1 ,7.6 ,6.8 ,6.9 ,7.1 ,8.4 ,10.6 ,12.6 ,11.8 ,12.0 ,11.7 
Total recorded crime,West Mercia,9.9 ,9.9 ,8.6 ,7.7 ,7.1 ,7.1 ,7.0 ,6.8 ,7.2 ,7.0 ,6.3 ,5.8 ,7.4 ,9.2 ,10.4 ,11.3 ,11.7 ,11.2 ,11.6 
Total recorded crime,West Midlands,19.3 ,19.3 ,16.5 ,16.0 ,15.4 ,14.1 ,12.7 ,12.0 ,12.8 ,11.1 ,10.0 ,10.2 ,10.3 ,11.3 ,12.8 ,15.9 ,18.0 ,16.0 ,18.3 
Total recorded crime,East,9.6 ,10.0 ,9.4 ,9.3 ,8.7 ,7.9 ,7.4 ,7.1 ,6.9 ,6.6 ,6.3 ,6.4 ,7.3 ,8.3 ,8.9 ,11.0 ,11.9 ,11.1 ,12.0 
Total recorded crime,Bedfordshire,12.3 ,13.5 ,12.7 ,13.1 ,12.1 ,11.8 ,10.3 ,9.1 ,9.3 ,7.8 ,7.4 ,7.8 ,8.8 ,9.1 ,9.7 ,11.6 ,13.9 ,12.4 ,13.1 
Total recorded crime,Cambridgeshire,13.1 ,12.4 ,10.6 ,9.5 ,10.0 ,9.0 ,9.6 ,8.7 ,7.9 ,6.9 ,6.4 ,6.6 ,7.8 ,8.4 ,9.3 ,11.3 ,12.1 ,10.9 ,12.4 
Total recorded crime,Essex,9.1 ,9.5 ,8.9 ,8.8 ,8.5 ,7.8 ,7.4 ,7.2 ,7.1 ,7.4 ,7.6 ,7.8 ,8.3 ,9.1 ,9.7 ,11.7 ,13.0 ,11.9 ,13.3 
Total recorded crime,Hertfordshire,8.3 ,9.3 ,10.0 ,9.6 ,8.7 ,7.6 ,6.9 ,6.4 ,6.0 ,5.4 ,5.0 ,5.1 ,6.1 ,7.0 ,7.8 ,9.9 ,10.1 ,10.0 ,10.1 
Total recorded crime,Norfolk,9.2 ,8.9 ,7.6 ,8.3 ,6.7 ,6.1 ,5.3 ,5.1 ,5.1 ,5.2 ,4.5 ,4.9 ,6.0 ,7.3 ,8.2 ,10.1 ,10.5 ,10.2 ,10.6 
Total recorded crime,Suffolk,7.4 ,8.1 ,7.6 ,7.8 ,7.1 ,6.6 ,6.1 ,6.9 ,6.8 ,6.8 ,6.3 ,5.7 ,6.7 ,8.6 ,8.8 ,11.1 ,11.7 ,11.1 ,11.8 
Total recorded crime,London,19.3 ,18.5 ,18.2 ,18.8 ,17.5 ,15.6 ,15.4 ,15.5 ,15.1 ,15.1 ,14.2 ,13.4 ,13.1 ,13.3 ,13.9 ,16.2 ,16.9 ,16.3 ,17.0 
Total recorded crime,City of London,:,:,:,:,:,:,:,:,:,:,:,:,:,:,:,:,:,:,:
Total recorded crime,Metropolitan Police,19.2 ,18.5 ,18.1 ,18.8 ,17.5 ,15.5 ,15.3 ,15.4 ,15.1 ,15.1 ,14.1 ,13.4 ,13.0 ,13.2 ,13.9 ,16.1 ,16.8 ,16.2 ,16.9 
Total recorded crime,South East,8.8 ,9.3 ,9.0 ,9.0 ,8.8 ,8.0 ,7.3 ,7.0 ,6.6 ,6.1 ,5.9 ,6.2 ,7.1 ,7.9 ,8.9 ,11.1 ,11.7 ,11.2 ,11.6 
Total recorded crime,Hampshire,8.1 ,9.0 ,8.7 ,9.0 ,9.1 ,8.5 ,8.0 ,7.4 ,7.0 ,6.6 ,5.8 ,5.8 ,7.7 ,8.9 ,10.2 ,12.2 ,12.3 ,12.1 ,12.3 
Total recorded crime,Kent,8.9 ,9.1 ,9.1 ,10.0 ,9.8 ,8.4 ,7.3 ,6.5 ,6.1 ,6.3 ,6.8 ,8.3 ,8.6 ,9.3 ,10.9 ,15.3 ,16.3 ,15.7 ,15.8 
Total recorded crime,Surrey,6.9 ,7.0 ,6.5 ,6.5 ,6.1 ,5.9 ,5.3 ,5.4 ,5.5 ,4.9 ,4.5 ,4.7 ,5.4 ,6.2 ,6.7 ,8.5 ,9.2 ,8.4 ,9.3 
Total recorded crime,Sussex,9.1 ,9.7 ,10.0 ,8.9 ,8.2 ,7.0 ,6.4 ,6.5 ,6.0 ,5.7 ,6.1 ,5.8 ,7.2 ,7.6 ,8.6 ,10.1 ,10.7 ,10.1 ,10.8 
Total recorded crime,Thames Valley,10.1 ,10.5 ,9.8 ,9.7 ,9.7 ,8.9 ,8.5 ,8.3 ,7.6 ,6.6 ,6.1 ,5.9 ,6.2 ,7.2 ,7.7 ,9.1 ,9.6 ,9.2 ,9.6 
Total recorded crime,South West,10.5 ,10.3 ,9.6 ,8.9 ,8.6 ,8.0 ,7.3 ,7.0 ,6.6 ,6.5 ,6.2 ,6.4 ,7.0 ,8.0 ,8.9 ,10.2 ,10.3 ,10.2 ,10.2 
Total recorded crime,Avon and Somerset,14.6 ,13.5 ,12.4 ,10.7 ,10.5 ,10.3 ,9.4 ,8.4 ,7.5 ,7.2 ,6.6 ,6.8 ,7.5 ,9.9 ,11.2 ,12.2 ,11.6 ,12.0 ,11.5 
Total recorded crime,Devon and Cornwall,8.9 ,8.6 ,8.6 ,7.8 ,7.6 ,6.9 ,6.3 ,6.2 ,6.1 ,6.6 ,6.5 ,6.7 ,6.8 ,6.9 ,7.8 ,9.4 ,9.9 ,9.5 ,9.8 
Total recorded crime,Dorset,7.9 ,8.7 ,8.2 ,8.1 ,6.9 ,7.0 ,6.5 ,6.6 ,6.4 ,5.7 ,5.5 ,5.2 ,6.1 ,7.1 ,7.5 ,9.1 ,10.2 ,9.2 ,10.1 
Total recorded crime,Gloucestershire,10.4 ,10.9 ,10.0 ,10.0 ,9.5 ,8.0 ,7.3 ,7.3 ,7.2 ,7.1 ,6.3 ,6.8 ,7.1 ,7.6 ,8.3 ,9.3 ,9.5 ,9.4 ,9.4 
Total recorded crime,Wiltshire,8.1 ,7.9 ,6.9 ,7.3 ,7.7 ,6.8 ,5.6 ,5.8 ,5.7 ,5.1 ,5.2 ,5.4 ,6.8 ,7.6 ,8.5 ,9.7 ,9.1 ,9.5 ,8.8 
Total recorded crime,WALES,10.9 ,10.5 ,9.8 ,9.3 ,9.0 ,8.7 ,7.8 ,7.7 ,7.3 ,6.9 ,7.2 ,7.1 ,7.6 ,8.2 ,9.1 ,11.0 ,12.0 ,11.1 ,12.0 
Total recorded crime,Dyfed-Powys,5.1 ,6.3 ,6.4 ,5.7 ,5.5 ,4.8 ,4.5 ,4.4 ,4.5 ,4.2 ,4.0 ,4.1 ,4.9 ,6.1 ,6.6 ,7.6 ,7.7 ,7.4 ,8.4 
Total recorded crime,Gwent,12.5 ,11.8 ,11.7 ,11.1 ,10.7 ,10.2 ,9.1 ,10.3 ,9.3 ,7.7 ,7.6 ,7.9 ,8.2 ,8.4 ,8.6 ,11.5 ,14.2 ,11.9 ,14.1 
Total recorded crime,North Wales,9.6 ,8.8 ,8.0 ,7.3 ,6.6 ,6.0 ,6.0 ,6.1 ,6.3 ,7.0 ,7.0 ,6.8 ,7.6 ,8.2 ,10.0 ,12.9 ,13.2 ,13.1 ,13.2 
Total recorded crime,South Wales,13.2 ,12.5 ,11.3 ,10.9 ,10.9 ,11.1 ,9.6 ,8.7 ,8.0 ,7.6 ,8.4 ,8.1 ,8.4 ,9.0 ,9.9 ,11.1 ,12.0 ,11.2 ,11.9 
Violence against the person,ENGLAND AND WALES,2.5 ,2.9 ,3.1 ,3.1 ,2.8 ,2.5 ,2.3 ,2.2 ,2.0 ,1.8 ,1.9 ,2.0 ,2.3 ,2.7 ,3.1 ,3.5 ,3.9 ,3.6 ,3.9 
Violence against the person,ENGLAND,2.5 ,2.8 ,3.0 ,3.0 ,2.8 ,2.5 ,2.3 ,2.2 ,1.9 ,1.8 ,1.9 ,2.0 ,2.3 ,2.7 ,3.0 ,3.5 ,3.9 ,3.6 ,3.8 
Violence against the person,North East,2.0 ,2.7 ,2.8 ,3.0 ,2.8 ,2.4 ,1.8 ,1.7 ,1.6 ,1.5 ,1.5 ,1.5 ,1.9 ,2.4 ,2.9 ,3.4 ,3.8 ,3.5 ,3.8 
Violence against the person,Cleveland,2.1 ,2.8 ,3.9 ,4.2 ,3.5 ,3.0 ,2.0 ,1.9 ,1.9 ,2.0 ,2.2 ,1.9 ,2.1 ,2.5 ,2.7 ,3.0 ,3.9 ,3.1 ,3.9 
Violence against the person,Durham,1.4 ,1.5 ,1.6 ,2.8 ,2.5 ,2.4 ,1.7 ,1.7 ,1.5 ,1.4 ,1.3 ,1.4 ,1.7 ,2.0 ,2.7 ,3.5 ,3.7 ,3.5 ,3.6 
Violence against the person,Northumbria,2.2 ,3.1 ,2.8 ,2.5 ,2.6 ,2.2 ,1.7 ,1.6 ,1.5 ,1.2 ,1.3 ,1.4 ,1.9 ,2.5 ,3.0 ,3.4 ,3.8 ,3.6 ,3.8 
Violence against the person,North West,3.6 ,4.1 ,4.0 ,3.8 ,3.4 ,2.9 ,2.6 ,2.3 ,2.2 ,2.0 ,2.1 ,2.2 ,2.6 ,3.0 ,3.5 ,4.5 ,5.0 ,4.6 ,4.8 
Violence against the person,Cheshire,1.6 ,1.8 ,1.9 ,3.1 ,2.5 ,2.1 ,1.6 ,1.7 ,1.6 ,1.3 ,1.4 ,1.5 ,1.5 ,1.9 ,2.4 ,3.0 ,3.5 ,3.4 ,3.3 
Violence against the person,Cumbria,1.6 ,2.1 ,2.6 ,2.4 ,2.0 ,1.9 ,1.5 ,1.3 ,1.7 ,1.3 ,1.6 ,1.6 ,1.8 ,1.9 ,2.0 ,2.5 ,3.6 ,2.8 ,3.6 
Violence against the person,Greater Manchester,5.2 ,4.9 ,4.5 ,3.9 ,3.9 ,3.3 ,3.2 ,2.9 ,2.5 ,2.1 ,2.1 ,2.1 ,2.9 ,3.4 ,4.0 ,5.9 ,5.4 ,5.5 ,5.4 
Violence against the person,Lancashire,2.4 ,3.7 ,3.5 ,3.2 ,3.0 ,2.8 ,2.6 ,2.3 ,2.5 ,2.4 ,2.7 ,3.0 ,2.8 ,2.9 ,3.4 ,4.0 ,5.7 ,4.6 ,5.5 
Violence against the person,Merseyside,3.9 ,5.4 ,5.8 ,5.3 ,4.2 ,3.0 ,2.5 ,2.2 ,1.9 ,1.9 ,1.9 ,2.1 ,2.8 ,3.4 ,3.9 ,4.4 ,4.7 ,4.5 ,4.5 
Violence against the person,Yorkshire and The Humber,2.5 ,3.1 ,3.2 ,3.5 ,3.1 ,2.7 ,2.3 ,2.1 ,1.9 ,1.7 ,1.9 ,2.0 ,2.3 ,3.0 ,3.7 ,4.3 ,5.1 ,4.5 ,5.0 
Violence against the person,Humberside,3.2 ,4.1 ,4.0 ,3.8 ,3.6 ,2.7 ,2.4 ,2.5 ,2.3 ,2.1 ,2.4 ,2.5 ,2.9 ,3.2 ,3.7 ,4.3 ,5.1 ,4.5 ,5.0 
Violence against the person,North Yorkshire,1.0 ,1.4 ,2.3 ,2.2 ,1.9 ,1.6 ,1.5 ,1.4 ,1.3 ,1.1 ,1.4 ,1.3 ,1.5 ,1.7 ,1.8 ,1.9 ,2.4 ,2.0 ,2.5 
Violence against the person,South Yorkshire,1.9 ,2.0 ,2.4 ,3.6 ,3.2 ,3.0 ,2.5 ,2.3 ,2.0 ,1.8 ,1.9 ,2.3 ,2.5 ,3.0 ,4.3 ,4.4 ,5.3 ,4.7 ,5.2 
Violence against the person,West Yorkshire,3.0 ,4.0 ,3.6 ,3.8 ,3.2 ,3.0 ,2.3 ,2.1 ,2.0 ,1.8 ,1.8 ,1.8 ,2.2 ,3.3 ,4.1 ,5.0 ,5.9 ,5.3 ,5.8 
Violence against the person,East Midlands,2.5 ,3.0 ,3.1 ,3.0 ,2.8 ,2.6 ,2.1 ,2.0 ,1.7 ,1.5 ,1.7 ,1.8 ,2.0 ,2.4 ,2.7 ,3.1 ,3.7 ,3.3 ,3.7 
Violence against the person,Derbyshire,2.7 ,3.1 ,3.1 ,2.9 ,2.9 ,2.7 ,2.0 ,1.9 ,1.9 ,1.5 ,1.6 ,1.6 ,1.9 ,2.5 ,2.6 ,3.0 ,3.7 ,3.2 ,3.9 
Violence against the person,Leicestershire,2.3 ,3.0 ,3.7 ,3.0 ,2.9 ,2.8 ,2.2 ,1.7 ,1.4 ,1.2 ,1.3 ,1.5 ,1.5 ,1.6 ,2.2 ,2.7 ,2.8 ,2.8 ,2.8 
Violence against the person,Lincolnshire,2.1 ,2.3 ,2.3 ,2.1 ,1.9 ,1.8 ,1.6 ,1.4 ,1.4 ,1.4 ,1.4 ,1.4 ,1.6 ,2.0 ,2.1 ,2.3 ,3.2 ,2.5 ,3.4 
Violence against the person,Northamptonshire,2.6 ,3.2 ,3.1 ,3.3 ,3.0 ,2.6 ,2.1 ,2.2 ,1.8 ,2.0 ,2.0 ,1.8 ,2.3 ,2.6 ,3.1 ,3.4 ,4.0 ,3.5 ,4.0 
Violence against the person,Nottinghamshire,2.8 ,3.1 ,3.2 ,3.3 ,3.1 ,2.7 ,2.6 ,2.8 ,2.0 ,1.7 ,2.1 ,2.5 ,2.7 ,3.2 ,3.5 ,3.7 ,4.5 ,4.0 ,4.4 
Violence against the person,West Midlands ,3.1 ,3.5 ,3.4 ,3.3 ,3.2 ,2.9 ,2.6 ,2.5 ,2.4 ,2.2 ,2.2 ,2.3 ,2.6 ,3.2 ,3.6 ,3.9 ,4.3 ,3.9 ,4.3 
Violence against the person,Staffordshire,2.3 ,2.9 ,3.0 ,2.9 ,2.7 ,2.2 ,2.0 ,2.5 ,2.2 ,1.9 ,2.0 ,2.2 ,2.6 ,3.1 ,3.5 ,3.7 ,3.5 ,3.6 ,3.4 
Violence against the person,Warwickshire,1.5 ,2.2 ,2.1 ,2.3 ,2.1 ,2.0 ,1.6 ,1.6 ,1.6 ,1.7 ,1.7 ,1.7 ,2.0 ,2.5 ,3.1 ,3.2 ,3.4 ,3.2 ,3.3 
Violence against the person,West Mercia,2.4 ,2.7 ,2.4 ,2.1 ,2.0 ,1.9 ,1.9 ,2.0 ,2.3 ,2.1 ,1.8 ,1.6 ,2.1 ,2.8 ,3.1 ,3.0 ,3.1 ,2.9 ,3.2 
Violence against the person,West Midlands,4.1 ,4.4 ,4.3 ,4.2 ,4.2 ,3.9 ,3.3 ,2.8 ,2.8 ,2.4 ,2.6 ,2.8 ,3.0 ,3.5 ,3.9 ,4.5 ,5.3 ,4.6 ,5.4 
Violence against the person,East,2.0 ,2.3 ,2.5 ,2.3 ,2.0 ,1.7 ,1.5 ,1.6 ,1.5 ,1.4 ,1.5 ,1.5 ,1.9 ,2.2 ,2.5 ,2.8 ,3.1 ,2.9 ,3.2 
Violence against the person,Bedfordshire,2.6 ,2.9 ,3.3 ,3.0 ,2.6 ,2.3 ,1.9 ,2.1 ,2.0 ,1.6 ,1.5 ,1.8 ,2.1 ,2.4 ,2.5 ,2.9 ,3.2 ,3.1 ,3.1 
Violence against the person,Cambridgeshire,2.3 ,2.9 ,2.8 ,2.3 ,2.1 ,1.8 ,2.2 ,2.1 ,1.9 ,1.6 ,1.5 ,1.5 ,2.1 ,2.2 ,2.6 ,2.7 ,3.0 ,2.7 ,3.1 
Violence against the person,Essex,2.2 ,2.4 ,2.4 ,2.2 ,2.0 ,1.8 ,1.6 ,1.7 ,1.5 ,1.6 ,1.9 ,1.9 ,2.1 ,2.6 ,2.6 ,3.3 ,3.8 ,3.3 ,3.9 
Violence against the person,Hertfordshire,1.3 ,1.7 ,2.6 ,2.4 ,2.1 ,1.5 ,1.1 ,1.1 ,1.0 ,0.9 ,1.1 ,1.1 ,1.5 ,1.8 ,2.1 ,2.4 ,2.6 ,2.5 ,2.6 
Violence against the person,Norfolk,2.0 ,2.2 ,1.9 ,2.1 ,1.7 ,1.6 ,1.2 ,1.2 ,1.1 ,1.1 ,1.1 ,1.2 ,1.5 ,1.9 ,2.2 ,2.6 ,2.9 ,2.7 ,2.8 
Violence against the person,Suffolk,1.6 ,1.9 ,2.0 ,2.0 ,1.8 ,1.5 ,1.4 ,1.7 ,1.7 ,1.6 ,1.6 ,1.6 ,1.7 ,2.2 ,2.6 ,2.7 ,3.0 ,2.8 ,2.9 
Violence against the person,London,2.6 ,2.8 ,3.5 ,3.8 ,3.3 ,3.0 ,3.7 ,3.5 ,2.9 ,2.6 ,2.7 ,2.8 ,3.2 ,3.4 ,3.5 ,3.7 ,3.8 ,3.6 ,3.8 
Violence against the person,City of London,:,:,:,:,:,:,:,:,:,:,:,:,:,:,:,:,:,:,:
Violence against the person,Metropolitan Police,2.6 ,2.8 ,3.5 ,3.8 ,3.3 ,3.0 ,3.6 ,3.5 ,2.9 ,2.5 ,2.7 ,2.8 ,3.2 ,3.4 ,3.5 ,3.6 ,3.8 ,3.6 ,3.8 
Violence against the person,South East,1.6 ,1.9 ,2.2 ,2.2 ,2.1 ,1.9 ,1.6 ,1.6 ,1.4 ,1.2 ,1.4 ,1.5 ,1.8 ,2.2 ,2.5 ,2.9 ,3.2 ,3.0 ,3.1 
Violence against the person,Hampshire,1.6 ,1.8 ,2.1 ,2.3 ,2.4 ,2.3 ,1.9 ,1.9 ,1.7 ,1.6 ,1.7 ,1.6 ,2.1 ,2.8 ,3.1 ,3.6 ,3.6 ,3.6 ,3.5 
Violence against the person,Kent,1.8 ,2.1 ,2.4 ,2.7 ,2.6 ,2.3 ,2.0 ,1.7 ,1.5 ,1.4 ,1.8 ,2.4 ,2.7 ,3.1 ,3.5 ,4.3 ,4.8 ,4.4 ,4.7 
Violence against the person,Surrey,1.4 ,1.4 ,1.4 ,1.6 ,1.4 ,1.3 ,0.9 ,0.9 ,1.0 ,0.8 ,0.8 ,0.9 ,1.3 ,1.5 ,1.7 ,2.0 ,2.2 ,1.9 ,2.2 
Violence against the person,Sussex,1.5 ,2.2 ,2.6 ,2.2 ,2.0 ,1.6 ,1.3 ,1.4 ,1.3 ,1.0 ,1.3 ,1.3 ,1.8 ,2.1 ,2.4 ,2.8 ,3.0 ,2.8 ,3.0 
Violence against the person,Thames Valley,1.6 ,1.7 ,2.1 ,2.1 ,2.0 ,1.9 ,1.5 ,1.6 ,1.4 ,1.1 ,1.2 ,1.1 ,1.2 ,1.5 ,1.7 ,1.9 ,2.2 ,2.0 ,2.1 
Violence against the person,South West,2.0 ,2.4 ,2.5 ,2.4 ,2.3 ,2.0 ,1.7 ,1.7 ,1.5 ,1.5 ,1.6 ,1.7 ,1.9 ,2.3 ,2.5 ,2.7 ,3.0 ,2.8 ,2.9 
Violence against the person,Avon and Somerset,2.0 ,2.8 ,2.9 ,2.5 ,2.4 ,2.3 ,1.9 ,1.7 ,1.5 ,1.5 ,1.5 ,1.6 ,1.9 ,2.6 ,2.9 ,2.9 ,3.0 ,3.0 ,3.0 
Violence against the person,Devon and Cornwall,2.5 ,2.5 ,2.7 ,2.4 ,2.3 ,2.0 ,1.7 ,1.9 ,1.7 ,1.8 ,2.1 ,2.3 ,2.2 ,2.3 ,2.4 ,2.8 ,3.3 ,3.0 ,3.2 
Violence against the person,Dorset,1.2 ,1.7 ,2.0 ,2.2 ,2.0 ,1.8 ,1.6 ,1.5 ,1.4 ,1.2 ,1.3 ,1.2 ,1.6 ,1.7 ,2.0 ,2.3 ,2.8 ,2.4 ,2.9 
Violence against the person,Gloucestershire,2.0 ,2.3 ,2.8 ,2.6 ,2.3 ,1.8 ,1.3 ,1.6 ,1.3 ,1.3 ,1.4 ,1.4 ,1.7 ,2.1 ,2.4 ,2.7 ,2.7 ,2.9 ,2.7 
Violence against the person,Wiltshire,1.7 ,1.8 ,1.7 ,2.1 ,2.4 ,1.9 ,1.3 ,1.3 ,1.2 ,1.0 ,1.3 ,1.4 ,1.7 ,2.0 ,2.3 ,2.3 ,2.4 ,2.3 ,2.4 
Violence against the person,WALES,3.3 ,3.3 ,3.4 ,3.3 ,2.9 ,2.7 ,2.2 ,2.3 ,2.2 ,2.1 ,2.4 ,2.3 ,2.5 ,2.7 ,3.1 ,3.3 ,3.9 ,3.5 ,3.9 
Violence against the person,Dyfed-Powys,1.9 ,2.2 ,2.2 ,2.2 ,2.0 ,1.7 ,1.6 ,1.4 ,1.5 ,1.4 ,1.5 ,1.4 ,1.5 ,1.9 ,2.2 ,2.4 ,2.4 ,2.4 ,2.6 
Violence against the person,Gwent,4.2 ,3.9 ,4.3 ,4.3 ,4.0 ,3.6 ,2.8 ,2.9 ,2.4 ,1.9 ,2.3 ,2.3 ,2.6 ,2.8 ,2.9 ,3.5 ,4.8 ,3.9 ,4.8 
Violence against the person,North Wales,2.6 ,2.5 ,2.9 ,2.7 ,2.3 ,1.8 ,1.7 ,1.8 ,1.9 ,2.3 ,2.3 ,1.9 ,2.3 ,2.2 ,2.9 ,3.5 ,4.1 ,3.7 ,4.0 
Violence against the person,South Wales,3.8 ,3.9 ,3.7 ,3.5 ,3.1 ,3.2 ,2.6 ,2.8 ,2.6 ,2.3 ,3.0 ,2.9 ,3.0 ,3.3 ,3.7 ,3.5 ,4.0 ,3.6 ,4.0 
Sexual offences,ENGLAND AND WALES,1.2 ,1.3 ,1.3 ,1.3 ,1.2 ,1.2 ,1.2 ,1.3 ,1.3 ,1.3 ,1.3 ,1.6 ,2.3 ,2.8 ,3.2 ,4.0 ,4.3 ,4.1 ,4.3 
Sexual offences,ENGLAND,1.2 ,1.3 ,1.3 ,1.3 ,1.3 ,1.1 ,1.1 ,1.3 ,1.3 ,1.3 ,1.3 ,1.6 ,2.3 ,2.8 ,3.2 ,4.0 ,4.3 ,4.1 ,4.3 
Sexual offences,North East,1.1 ,1.1 ,1.2 ,1.3 ,1.1 ,1.0 ,1.0 ,1.1 ,1.2 ,1.1 ,1.0 ,1.4 ,2.5 ,3.1 ,3.6 ,4.9 ,5.1 ,5.1 ,5.0 
Sexual offences,Cleveland,0.9 ,1.3 ,1.3 ,1.5 ,1.2 ,1.2 ,1.2 ,1.3 ,1.5 ,1.4 ,1.4 ,1.6 ,2.5 ,3.6 ,3.8 ,4.8 ,4.9 ,4.9 ,4.9 
Sexual offences,Durham,0.6 ,0.7 ,0.8 ,1.4 ,0.8 ,1.1 ,1.0 ,0.9 ,1.2 ,1.0 ,0.9 ,1.9 ,2.4 ,2.8 ,3.0 ,4.6 ,4.3 ,4.5 ,4.3 
Sexual offences,Northumbria,1.3 ,1.2 ,1.2 ,1.3 ,1.2 ,0.9 ,0.9 ,1.1 ,1.1 ,1.0 ,0.9 ,1.2 ,2.5 ,3.1 ,3.8 ,5.0 ,5.5 ,5.3 ,5.3 
Sexual offences,North West,1.1 ,1.3 ,1.3 ,1.3 ,1.2 ,1.1 ,1.0 ,1.1 ,1.3 ,1.2 ,1.3 ,1.5 ,2.2 ,2.7 ,3.1 ,4.5 ,4.9 ,4.7 ,4.8 
Sexual offences,Cheshire,0.6 ,0.9 ,1.0 ,1.0 ,0.9 ,0.8 ,0.8 ,0.8 ,0.8 ,1.0 ,1.0 ,1.3 ,1.8 ,1.9 ,2.3 ,3.7 ,4.1 ,4.0 ,3.9 
Sexual offences,Cumbria,0.6 ,0.8 ,0.9 ,0.8 ,0.7 ,0.9 ,0.8 ,1.0 ,1.1 ,1.1 ,1.0 ,1.2 ,1.9 ,2.5 ,2.9 ,3.9 ,4.8 ,4.0 ,4.8 
Sexual offences,Greater Manchester,1.5 ,1.7 ,1.7 ,1.6 ,1.5 ,1.4 ,1.4 ,1.4 ,1.4 ,1.3 ,1.5 ,1.7 ,2.7 ,3.2 ,3.6 ,5.5 ,5.6 ,5.6 ,5.6 
Sexual offences,Lancashire,0.9 ,1.1 ,1.1 ,1.1 ,1.0 ,1.0 ,0.9 ,1.0 ,1.4 ,1.3 ,1.4 ,1.7 ,1.9 ,2.6 ,3.3 ,4.4 ,5.6 ,5.1 ,5.2 
Sexual offences,Merseyside,1.3 ,1.4 ,1.3 ,1.2 ,1.0 ,0.9 ,0.7 ,1.0 ,1.1 ,1.3 ,1.2 ,1.3 ,2.0 ,2.4 ,2.8 ,3.5 ,3.5 ,3.5 ,3.4 
Sexual offences,Yorkshire and The Humber,1.1 ,1.3 ,1.3 ,1.4 ,1.3 ,1.2 ,1.2 ,1.2 ,1.3 ,1.2 ,1.4 ,1.8 ,2.5 ,3.2 ,3.6 ,4.7 ,5.1 ,4.7 ,5.1 
Sexual offences,Humberside,1.6 ,2.0 ,1.8 ,1.8 ,1.6 ,1.4 ,1.3 ,1.6 ,1.9 ,1.8 ,1.8 ,2.1 ,2.7 ,2.8 ,3.4 ,4.2 ,5.4 ,4.5 ,5.1 
Sexual offences,North Yorkshire,0.9 ,0.9 ,0.9 ,0.9 ,0.9 ,0.9 ,1.0 ,0.9 ,1.1 ,1.0 ,1.1 ,1.2 ,1.9 ,2.1 ,2.4 ,3.0 ,3.3 ,3.1 ,3.4 
Sexual offences,South Yorkshire,0.8 ,0.8 ,1.2 ,1.3 ,1.0 ,1.0 ,0.8 ,0.9 ,1.0 ,0.9 ,0.9 ,1.6 ,2.6 ,3.0 ,3.7 ,4.5 ,4.3 ,4.5 ,4.2 
Sexual offences,West Yorkshire,1.3 ,1.4 ,1.3 ,1.4 ,1.4 ,1.3 ,1.4 ,1.4 ,1.3 ,1.1 ,1.6 ,1.9 ,2.7 ,3.8 ,4.2 ,5.6 ,6.2 ,5.6 ,6.3 
Sexual offences,East Midlands,1.2 ,1.3 ,1.3 ,1.4 ,1.3 ,1.2 ,1.3 ,1.3 ,1.3 ,1.2 ,1.3 ,1.5 ,2.2 ,2.5 ,2.9 ,3.7 ,4.2 ,3.8 ,4.3 
Sexual offences,Derbyshire,1.1 ,1.2 ,1.3 ,1.3 ,1.3 ,1.2 ,1.2 ,1.4 ,1.5 ,1.2 ,1.1 ,1.3 ,1.8 ,2.3 ,2.7 ,2.9 ,3.6 ,3.0 ,3.7 
Sexual offences,Leicestershire,1.4 ,1.4 ,1.6 ,1.6 ,1.5 ,1.7 ,1.5 ,1.3 ,1.2 ,1.1 ,1.2 ,1.6 ,1.9 ,2.1 ,2.5 ,3.2 ,3.9 ,3.4 ,4.0 
Sexual offences,Lincolnshire,1.2 ,1.3 ,1.4 ,1.3 ,1.2 ,1.2 ,1.1 ,1.1 ,1.3 ,1.2 ,1.1 ,1.2 ,2.0 ,2.3 ,2.7 ,3.4 ,4.3 ,3.6 ,4.7 
Sexual offences,Northamptonshire,1.3 ,1.2 ,1.0 ,1.1 ,1.1 ,1.1 ,1.2 ,1.2 ,1.6 ,1.6 ,1.7 ,1.7 ,2.7 ,3.1 ,3.4 ,3.9 ,4.9 ,4.2 ,4.8 
Sexual offences,Nottinghamshire,1.2 ,1.4 ,1.2 ,1.2 ,1.2 ,1.1 ,1.3 ,1.4 ,1.2 ,1.1 ,1.4 ,1.5 ,2.6 ,2.9 ,3.5 ,4.8 ,4.8 ,4.8 ,4.6 
Sexual offences,West Midlands ,1.2 ,1.3 ,1.4 ,1.4 ,1.3 ,1.2 ,1.2 ,1.3 ,1.3 ,1.3 ,1.3 ,1.6 ,2.1 ,2.8 ,3.2 ,4.0 ,4.3 ,3.9 ,4.3 
Sexual offences,Staffordshire,1.2 ,1.2 ,1.4 ,1.4 ,1.3 ,1.1 ,1.1 ,1.3 ,1.1 ,0.9 ,1.3 ,1.9 ,2.2 ,3.2 ,3.8 ,4.6 ,4.4 ,4.5 ,4.4 
Sexual offences,Warwickshire,0.7 ,0.9 ,0.9 ,0.9 ,1.0 ,0.9 ,0.9 ,1.0 ,1.1 ,1.1 ,1.1 ,1.4 ,1.9 ,2.6 ,3.7 ,4.0 ,3.2 ,3.6 ,3.3 
Sexual offences,West Mercia,1.0 ,1.0 ,1.0 ,1.0 ,0.9 ,1.0 ,1.1 ,1.2 ,1.3 ,1.5 ,1.5 ,1.4 ,2.5 ,3.3 ,3.9 ,4.2 ,4.4 ,4.2 ,4.3 
Sexual offences,West Midlands,1.5 ,1.6 ,1.7 ,1.7 ,1.6 ,1.5 ,1.3 ,1.5 ,1.4 ,1.4 ,1.3 ,1.5 ,2.0 ,2.4 ,2.7 ,3.7 ,4.4 ,3.6 ,4.5 
Sexual offences,East,1.0 ,1.1 ,1.1 ,1.3 ,1.1 ,1.0 ,1.0 ,1.1 ,1.1 ,1.2 ,1.1 ,1.4 ,2.0 ,2.5 ,2.7 ,3.4 ,3.9 ,3.5 ,4.0 
Sexual offences,Bedfordshire,1.1 ,1.2 ,1.3 ,1.5 ,1.1 ,0.8 ,1.2 ,1.0 ,0.9 ,0.6 ,1.0 ,1.2 ,2.0 ,2.5 ,2.3 ,2.8 ,4.1 ,3.4 ,3.6 
Sexual offences,Cambridgeshire,1.3 ,1.5 ,1.5 ,1.3 ,1.3 ,1.3 ,1.2 ,1.2 ,1.3 ,1.1 ,1.1 ,1.5 ,2.1 ,2.5 ,2.8 ,3.3 ,4.1 ,3.2 ,4.2 
Sexual offences,Essex,1.0 ,1.1 ,1.0 ,1.1 ,1.0 ,0.9 ,0.9 ,1.1 ,1.2 ,1.3 ,1.2 ,1.6 ,2.2 ,2.4 ,2.6 ,3.2 ,3.8 ,3.3 ,4.0 
Sexual offences,Hertfordshire,0.8 ,0.8 ,0.9 ,1.0 ,0.9 ,0.8 ,0.6 ,0.8 ,0.8 ,0.8 ,0.7 ,1.0 ,1.5 ,2.1 ,2.4 ,3.0 ,3.1 ,3.0 ,3.0 
Sexual offences,Norfolk,1.1 ,1.3 ,1.2 ,2.1 ,1.0 ,0.9 ,0.9 ,0.9 ,1.2 ,1.6 ,1.2 ,1.6 ,2.2 ,2.8 ,3.2 ,4.1 ,4.1 ,4.1 ,4.3 
Sexual offences,Suffolk,1.1 ,1.3 ,1.2 ,1.4 ,1.2 ,1.2 ,1.2 ,1.5 ,1.3 ,1.5 ,1.3 ,1.3 ,2.3 ,3.4 ,3.3 ,4.4 ,5.0 ,4.4 ,5.1 
Sexual offences,London,1.8 ,1.7 ,1.6 ,1.5 ,1.5 ,1.3 ,1.4 ,1.7 ,1.8 ,1.8 ,1.7 ,2.1 ,2.6 ,2.8 ,3.1 ,3.6 ,3.8 ,3.7 ,3.7 
Sexual offences,City of London,:,:,:,:,:,:,:,:,:,:,:,:,:,:,:,:,:,:,:
Sexual offences,Metropolitan Police,1.8 ,1.7 ,1.6 ,1.5 ,1.5 ,1.3 ,1.4 ,1.7 ,1.8 ,1.8 ,1.6 ,2.1 ,2.6 ,2.8 ,3.1 ,3.6 ,3.8 ,3.7 ,3.7 
Sexual offences,South East,0.9 ,1.1 ,1.2 ,1.3 ,1.2 ,1.1 ,1.1 ,1.2 ,1.1 ,1.1 ,1.1 ,1.5 ,2.3 ,2.8 ,3.2 ,4.0 ,4.2 ,4.0 ,4.2 
Sexual offences,Hampshire,1.2 ,1.4 ,1.7 ,1.7 ,1.7 ,1.6 ,1.5 ,1.4 ,1.4 ,1.3 ,1.2 ,1.4 ,2.7 ,3.2 ,3.8 ,4.3 ,4.3 ,4.3 ,4.4 
Sexual offences,Kent,0.7 ,1.0 ,1.1 ,1.3 ,1.2 ,1.2 ,1.0 ,0.9 ,0.9 ,1.1 ,1.1 ,1.9 ,2.3 ,2.8 ,3.7 ,5.9 ,5.9 ,5.9 ,5.6 
Sexual offences,Surrey,0.7 ,0.7 ,0.7 ,0.7 ,0.6 ,0.7 ,0.8 ,0.8 ,0.8 ,0.7 ,0.7 ,0.9 ,1.6 ,2.1 ,2.1 ,2.7 ,3.1 ,2.7 ,3.2 
Sexual offences,Sussex,1.1 ,1.0 ,1.4 ,1.3 ,1.3 ,1.0 ,1.1 ,1.3 ,1.3 ,1.3 ,1.4 ,1.6 ,2.4 ,2.7 ,3.0 ,3.7 ,4.0 ,3.7 ,4.0 
Sexual offences,Thames Valley,0.9 ,1.0 ,1.0 ,1.0 ,1.1 ,1.0 ,1.0 ,1.2 ,1.1 ,1.0 ,1.1 ,1.5 ,2.1 ,2.7 ,2.9 ,3.2 ,3.4 ,3.2 ,3.5 
Sexual offences,South West,1.1 ,1.2 ,1.2 ,1.1 ,1.2 ,1.2 ,1.1 ,1.2 ,1.3 ,1.3 ,1.4 ,1.7 ,2.2 ,2.7 ,3.2 ,3.8 ,3.7 ,3.7 ,3.7 
Sexual offences,Avon and Somerset,1.4 ,1.5 ,1.5 ,1.0 ,1.3 ,1.2 ,1.1 ,1.1 ,1.1 ,1.3 ,1.3 ,1.8 ,2.0 ,3.1 ,3.8 ,4.3 ,4.0 ,4.3 ,4.0 
Sexual offences,Devon and Cornwall,0.9 ,1.1 ,1.2 ,1.2 ,1.1 ,1.1 ,1.2 ,1.3 ,1.5 ,1.6 ,1.7 ,1.9 ,2.3 ,2.5 ,3.2 ,4.0 ,3.9 ,3.9 ,3.9 
Sexual offences,Dorset,1.0 ,1.0 ,1.1 ,1.2 ,1.0 ,1.3 ,1.2 ,1.5 ,1.4 ,1.0 ,1.1 ,1.1 ,2.0 ,2.4 ,2.6 ,3.1 ,3.8 ,3.2 ,3.8 
Sexual offences,Gloucestershire,1.1 ,1.0 ,1.0 ,1.4 ,1.3 ,1.2 ,1.2 ,1.2 ,1.3 ,1.2 ,1.2 ,1.5 ,1.9 ,2.1 ,2.4 ,2.6 ,2.6 ,2.6 ,2.6 
Sexual offences,Wiltshire,1.3 ,1.2 ,0.9 ,1.1 ,1.1 ,1.0 ,0.9 ,1.1 ,1.1 ,1.1 ,1.1 ,1.5 ,2.7 ,2.8 ,3.1 ,3.7 ,3.5 ,3.6 ,3.4 
Sexual offences,WALES,0.9 ,0.9 ,1.0 ,1.0 ,1.0 ,1.1 ,1.1 ,1.1 ,1.1 ,1.2 ,1.4 ,1.6 ,2.0 ,2.5 ,3.0 ,3.9 ,4.1 ,3.9 ,4.2 
Sexual offences,Dyfed-Powys,0.6 ,1.1 ,1.1 ,0.9 ,1.0 ,0.7 ,0.8 ,1.1 ,1.1 ,1.0 ,1.0 ,1.1 ,1.9 ,2.5 ,2.5 ,3.0 ,2.8 ,2.7 ,3.2 
Sexual offences,Gwent,1.3 ,0.9 ,1.1 ,1.1 ,1.2 ,1.4 ,1.3 ,1.5 ,1.4 ,1.5 ,1.4 ,1.7 ,1.9 ,2.1 ,2.1 ,3.2 ,4.2 ,3.3 ,4.3 
Sexual offences,North Wales,1.0 ,1.1 ,1.2 ,1.2 ,0.9 ,1.1 ,1.2 ,1.2 ,1.3 ,1.4 ,1.8 ,2.1 ,2.7 ,3.3 ,4.5 ,5.8 ,5.3 ,5.8 ,5.4 
Sexual offences,South Wales,0.8 ,0.8 ,0.8 ,0.9 ,1.0 ,1.0 ,1.1 ,0.9 ,0.9 ,1.0 ,1.2 ,1.5 ,1.8 ,2.2 ,2.8 ,3.5 ,3.8 ,3.5 ,3.8 
Robbery,ENGLAND AND WALES,1.7 ,1.6 ,1.4 ,1.5 ,1.5 ,1.3 ,1.2 ,1.1 ,1.1 ,1.1 ,0.9 ,0.8 ,0.7 ,0.7 ,0.8 ,1.1 ,1.2 ,1.1 ,1.2 
Robbery,ENGLAND,1.7 ,1.6 ,1.4 ,1.5 ,1.5 ,1.3 ,1.2 ,1.1 ,1.1 ,1.1 ,1.0 ,0.8 ,0.7 ,0.7 ,0.9 ,1.1 ,1.2 ,1.1 ,1.2 
Robbery,North East,1.0 ,0.9 ,0.7 ,0.7 ,0.6 ,0.5 ,0.4 ,0.3 ,0.3 ,0.3 ,0.3 ,0.3 ,0.3 ,0.3 ,0.4 ,0.5 ,0.5 ,0.5 ,0.5 
Robbery,Cleveland,2.1 ,2.0 ,1.3 ,1.0 ,0.8 ,0.7 ,0.6 ,0.4 ,0.4 ,0.4 ,0.4 ,0.4 ,0.4 ,0.5 ,0.5 ,0.7 ,0.8 ,0.7 ,0.9 
Robbery,Durham,0.4 ,0.4 ,0.2 ,0.4 ,0.3 ,0.2 ,0.2 ,0.2 ,0.2 ,0.1 ,0.1 ,0.1 ,0.1 ,0.2 ,0.2 ,0.3 ,0.3 ,0.4 ,0.3 
Robbery,Northumbria,0.8 ,0.7 ,0.7 ,0.6 ,0.6 ,0.5 ,0.4 ,0.3 ,0.3 ,0.3 ,0.3 ,0.3 ,0.3 ,0.3 ,0.4 ,0.4 ,0.5 ,0.4 ,0.5 
Robbery,North West,1.9 ,1.6 ,1.3 ,1.4 ,1.4 ,1.2 ,1.2 ,1.0 ,0.8 ,0.8 ,0.7 ,0.7 ,0.6 ,0.6 ,0.8 ,1.1 ,1.2 ,1.1 ,1.2 
Robbery,Cheshire,0.5 ,0.5 ,0.4 ,0.5 ,0.5 ,0.5 ,0.5 ,0.3 ,0.3 ,0.3 ,0.2 ,0.2 ,0.2 ,0.2 ,0.2 ,0.3 ,0.4 ,0.3 ,0.4 
Robbery,Cumbria,0.2 ,0.2 ,0.2 ,0.1 ,0.1 ,0.1 ,0.1 ,0.1 ,0.1 ,0.1 ,0.1 ,0.1 ,0.1 ,0.1 ,0.1 ,0.2 ,0.2 ,0.2 ,0.2 
Robbery,Greater Manchester,3.4 ,2.9 ,2.4 ,2.4 ,2.6 ,2.3 ,2.2 ,1.8 ,1.5 ,1.3 ,1.2 ,1.2 ,1.0 ,1.0 ,1.4 ,2.0 ,2.2 ,2.1 ,2.1 
Robbery,Lancashire,0.8 ,0.7 ,0.6 ,0.6 ,0.6 ,0.5 ,0.5 ,0.4 ,0.4 ,0.4 ,0.3 ,0.4 ,0.3 ,0.3 ,0.4 ,0.5 ,0.6 ,0.5 ,0.7 
Robbery,Merseyside,1.8 ,1.4 ,1.3 ,1.5 ,1.3 ,1.0 ,1.0 ,1.0 ,0.8 ,0.8 ,0.7 ,0.7 ,0.6 ,0.6 ,0.7 ,0.8 ,0.8 ,0.8 ,0.8 
Robbery,Yorkshire and The Humber,1.5 ,1.2 ,0.8 ,0.8 ,1.0 ,0.9 ,0.8 ,0.7 ,0.7 ,0.6 ,0.5 ,0.5 ,0.5 ,0.6 ,0.7 ,0.9 ,1.0 ,0.9 ,1.0 
Robbery,Humberside,1.7 ,1.7 ,1.1 ,1.1 ,1.1 ,0.9 ,0.7 ,0.5 ,0.5 ,0.4 ,0.4 ,0.5 ,0.5 ,0.7 ,0.6 ,0.7 ,0.9 ,0.8 ,0.8 
Robbery,North Yorkshire,0.4 ,0.4 ,0.3 ,0.3 ,0.3 ,0.3 ,0.3 ,0.2 ,0.2 ,0.2 ,0.1 ,0.1 ,0.1 ,0.2 ,0.2 ,0.2 ,0.2 ,0.2 ,0.2 
Robbery,South Yorkshire,1.3 ,0.9 ,0.7 ,0.8 ,1.0 ,0.8 ,0.7 ,0.6 ,0.5 ,0.5 ,0.5 ,0.6 ,0.6 ,0.6 ,0.8 ,0.9 ,1.0 ,0.9 ,1.0 
Robbery,West Yorkshire,1.9 ,1.4 ,0.8 ,1.0 ,1.2 ,1.1 ,1.1 ,1.0 ,1.0 ,0.9 ,0.7 ,0.7 ,0.7 ,0.8 ,0.9 ,1.1 ,1.4 ,1.1 ,1.4 
Robbery,East Midlands,1.3 ,1.2 ,1.0 ,1.0 ,1.1 ,0.9 ,1.0 ,0.9 ,0.7 ,0.6 ,0.5 ,0.6 ,0.5 ,0.5 ,0.6 ,0.6 ,0.7 ,0.7 ,0.7 
Robbery,Derbyshire,0.9 ,0.8 ,0.7 ,0.6 ,0.7 ,0.6 ,0.6 ,0.7 ,0.6 ,0.4 ,0.4 ,0.5 ,0.4 ,0.4 ,0.4 ,0.5 ,0.5 ,0.5 ,0.5 
Robbery,Leicestershire,1.3 ,1.3 ,1.1 ,1.0 ,1.0 ,0.9 ,1.0 ,0.8 ,0.6 ,0.7 ,0.6 ,0.5 ,0.5 ,0.5 ,0.5 ,0.7 ,0.8 ,0.7 ,0.8 
Robbery,Lincolnshire,0.4 ,0.4 ,0.3 ,0.3 ,0.3 ,0.2 ,0.2 ,0.2 ,0.3 ,0.2 ,0.2 ,0.2 ,0.2 ,0.2 ,0.2 ,0.3 ,0.4 ,0.3 ,0.4 
Robbery,Northamptonshire,1.3 ,1.5 ,1.1 ,1.3 ,1.3 ,1.1 ,1.1 ,0.9 ,0.8 ,0.8 ,0.7 ,0.7 ,0.7 ,0.7 ,1.0 ,1.0 ,0.9 ,0.9 ,0.9 
Robbery,Nottinghamshire,2.2 ,2.0 ,1.6 ,1.6 ,1.9 ,1.6 ,1.7 ,1.4 ,1.1 ,0.8 ,0.7 ,0.8 ,0.7 ,0.6 ,0.6 ,0.8 ,0.9 ,0.8 ,0.9 
Robbery,West Midlands ,1.9 ,1.9 ,1.6 ,1.6 ,1.6 ,1.4 ,1.4 ,1.3 ,1.5 ,1.2 ,0.9 ,0.9 ,0.9 ,0.9 ,1.0 ,1.3 ,1.5 ,1.3 ,1.5 
Robbery,Staffordshire,0.7 ,0.7 ,0.6 ,0.6 ,0.6 ,0.5 ,0.6 ,0.5 ,0.4 ,0.3 ,0.3 ,0.4 ,0.4 ,0.4 ,0.4 ,0.6 ,0.7 ,0.6 ,0.7 
Robbery,Warwickshire,0.6 ,0.7 ,0.5 ,0.7 ,0.7 ,0.6 ,0.5 ,0.4 ,0.4 ,0.5 ,0.4 ,0.4 ,0.3 ,0.3 ,0.4 ,0.6 ,0.7 ,0.6 ,0.7 
Robbery,West Mercia,0.5 ,0.5 ,0.4 ,0.3 ,0.4 ,0.4 ,0.4 ,0.3 ,0.3 ,0.3 ,0.3 ,0.2 ,0.3 ,0.3 ,0.4 ,0.3 ,0.4 ,0.3 ,0.4 
Robbery,West Midlands,3.2 ,3.2 ,2.8 ,2.7 ,2.8 ,2.3 ,2.4 ,2.2 ,2.7 ,2.1 ,1.6 ,1.6 ,1.4 ,1.4 ,1.7 ,2.1 ,2.4 ,2.1 ,2.5 
Robbery,East,0.7 ,0.7 ,0.7 ,0.7 ,0.7 ,0.6 ,0.6 ,0.5 ,0.5 ,0.5 ,0.4 ,0.4 ,0.4 ,0.4 ,0.5 ,0.6 ,0.7 ,0.6 ,0.7 
Robbery,Bedfordshire,1.4 ,1.4 ,1.4 ,1.8 ,1.7 ,1.7 ,1.4 ,1.0 ,1.1 ,1.1 ,0.9 ,0.8 ,0.7 ,0.6 ,0.9 ,0.9 ,1.0 ,0.9 ,1.0 
Robbery,Cambridgeshire,1.0 ,0.9 ,0.7 ,0.6 ,0.8 ,0.7 ,0.9 ,0.7 ,0.6 ,0.4 ,0.4 ,0.4 ,0.5 ,0.5 ,0.5 ,0.6 ,0.8 ,0.7 ,0.8 
Robbery,Essex,0.7 ,0.7 ,0.7 ,0.7 ,0.7 ,0.6 ,0.6 ,0.5 ,0.5 ,0.5 ,0.6 ,0.5 ,0.4 ,0.5 ,0.5 ,0.7 ,0.8 ,0.7 ,0.8 
Robbery,Hertfordshire,0.7 ,0.7 ,0.7 ,0.7 ,0.7 ,0.6 ,0.6 ,0.5 ,0.5 ,0.4 ,0.3 ,0.3 ,0.3 ,0.3 ,0.4 ,0.6 ,0.6 ,0.6 ,0.7 
Robbery,Norfolk,0.6 ,0.5 ,0.3 ,0.3 ,0.3 ,0.3 ,0.3 ,0.3 ,0.2 ,0.2 ,0.2 ,0.2 ,0.2 ,0.3 ,0.3 ,0.4 ,0.5 ,0.4 ,0.4 
Robbery,Suffolk,0.3 ,0.3 ,0.3 ,0.3 ,0.3 ,0.3 ,0.3 ,0.3 ,0.3 ,0.4 ,0.3 ,0.2 ,0.2 ,0.3 ,0.3 ,0.4 ,0.5 ,0.4 ,0.5 
Robbery,London,4.6 ,4.4 ,4.2 ,4.9 ,4.9 ,3.9 ,3.4 ,3.4 ,3.6 ,3.9 ,3.4 ,2.7 ,2.1 ,2.0 ,2.2 ,3.0 ,3.1 ,3.0 ,3.3 
Robbery,City of London,:,:,:,:,:,:,:,:,:,:,:,:,:,:,:,:,:,:,:
Robbery,Metropolitan Police,4.6 ,4.4 ,4.2 ,4.9 ,4.9 ,3.9 ,3.4 ,3.4 ,3.6 ,3.9 ,3.4 ,2.7 ,2.1 ,2.0 ,2.2 ,3.0 ,3.1 ,3.0 ,3.3 
Robbery,South East,0.7 ,0.7 ,0.6 ,0.6 ,0.6 ,0.5 ,0.6 ,0.5 ,0.5 ,0.4 ,0.4 ,0.3 ,0.3 ,0.3 ,0.4 ,0.5 ,0.6 ,0.5 ,0.6 
Robbery,Hampshire,0.4 ,0.5 ,0.4 ,0.5 ,0.5 ,0.5 ,0.5 ,0.5 ,0.5 ,0.4 ,0.3 ,0.3 ,0.3 ,0.3 ,0.4 ,0.5 ,0.5 ,0.5 ,0.6 
Robbery,Kent,0.6 ,0.6 ,0.6 ,0.7 ,0.7 ,0.6 ,0.5 ,0.4 ,0.4 ,0.4 ,0.4 ,0.5 ,0.4 ,0.4 ,0.5 ,0.7 ,0.9 ,0.7 ,0.9 
Robbery,Surrey,0.5 ,0.5 ,0.3 ,0.3 ,0.3 ,0.3 ,0.3 ,0.3 ,0.3 ,0.3 ,0.2 ,0.2 ,0.2 ,0.2 ,0.2 ,0.2 ,0.3 ,0.3 ,0.3 
Robbery,Sussex,0.7 ,0.8 ,0.6 ,0.6 ,0.5 ,0.5 ,0.5 ,0.5 ,0.5 ,0.4 ,0.3 ,0.3 ,0.3 ,0.4 ,0.4 ,0.4 ,0.6 ,0.5 ,0.6 
Robbery,Thames Valley,0.9 ,0.9 ,0.7 ,0.7 ,0.9 ,0.8 ,0.9 ,0.8 ,0.7 ,0.6 ,0.5 ,0.4 ,0.3 ,0.3 ,0.3 ,0.4 ,0.5 ,0.5 ,0.5 
Robbery,South West,0.9 ,0.8 ,0.6 ,0.6 ,0.6 ,0.5 ,0.5 ,0.4 ,0.4 ,0.4 ,0.3 ,0.2 ,0.3 ,0.3 ,0.4 ,0.4 ,0.5 ,0.4 ,0.5 
Robbery,Avon and Somerset,1.9 ,1.6 ,1.2 ,1.1 ,1.0 ,1.0 ,1.0 ,0.9 ,0.7 ,0.6 ,0.4 ,0.4 ,0.5 ,0.5 ,0.6 ,0.7 ,0.7 ,0.6 ,0.8 
Robbery,Devon and Cornwall,0.4 ,0.3 ,0.3 ,0.3 ,0.3 ,0.3 ,0.2 ,0.2 ,0.2 ,0.2 ,0.2 ,0.2 ,0.2 ,0.2 ,0.2 ,0.2 ,0.3 ,0.2 ,0.3 
Robbery,Dorset,0.5 ,0.5 ,0.4 ,0.3 ,0.2 ,0.3 ,0.3 ,0.2 ,0.3 ,0.3 ,0.2 ,0.2 ,0.2 ,0.2 ,0.3 ,0.3 ,0.4 ,0.3 ,0.3 
Robbery,Gloucestershire,0.7 ,0.8 ,0.5 ,0.7 ,0.5 ,0.4 ,0.4 ,0.3 ,0.4 ,0.3 ,0.3 ,0.3 ,0.4 ,0.3 ,0.4 ,0.4 ,0.4 ,0.4 ,0.4 
Robbery,Wiltshire,0.4 ,0.4 ,0.3 ,0.4 ,0.5 ,0.4 ,0.4 ,0.3 ,0.4 ,0.3 ,0.2 ,0.1 ,0.2 ,0.2 ,0.3 ,0.3 ,0.4 ,0.3 ,0.4 
Robbery,WALES,0.4 ,0.4 ,0.3 ,0.3 ,0.4 ,0.3 ,0.3 ,0.3 ,0.2 ,0.2 ,0.2 ,0.2 ,0.2 ,0.2 ,0.2 ,0.3 ,0.3 ,0.3 ,0.3 
Robbery,Dyfed-Powys,0.1 ,0.1 ,0.1 ,0.1 ,0.1 ,0.1 ,0.1 ,0.1 ,0.1 ,0.1 ,0.0 ,0.0 ,0.0 ,0.0 ,0.1 ,0.1 ,0.1 ,0.1 ,0.1 
Robbery,Gwent,0.5 ,0.4 ,0.5 ,0.5 ,0.4 ,0.4 ,0.3 ,0.3 ,0.3 ,0.2 ,0.2 ,0.2 ,0.2 ,0.2 ,0.2 ,0.4 ,0.4 ,0.4 ,0.4 
Robbery,North Wales,0.3 ,0.2 ,0.2 ,0.2 ,0.2 ,0.2 ,0.2 ,0.1 ,0.2 ,0.2 ,0.2 ,0.2 ,0.2 ,0.2 ,0.2 ,0.2 ,0.3 ,0.2 ,0.3 
Robbery,South Wales,0.5 ,0.5 ,0.4 ,0.4 ,0.6 ,0.5 ,0.5 ,0.4 ,0.3 ,0.3 ,0.2 ,0.2 ,0.2 ,0.2 ,0.2 ,0.3 ,0.3 ,0.3 ,0.3 
Theft offences,ENGLAND AND WALES,7.3 ,6.7 ,5.6 ,5.2 ,5.0 ,4.6 ,4.4 ,4.1 ,3.9 ,3.7 ,3.4 ,3.2 ,3.0 ,3.0 ,3.2 ,3.9 ,3.9 ,3.9 ,3.8 
Theft offences,ENGLAND,7.3 ,6.8 ,5.6 ,5.3 ,5.0 ,4.6 ,4.4 ,4.1 ,3.9 ,3.8 ,3.4 ,3.2 ,3.0 ,3.0 ,3.2 ,4.0 ,3.9 ,3.9 ,3.9 
Theft offences,North East,7.0 ,6.4 ,5.2 ,4.7 ,4.4 ,3.9 ,3.6 ,3.0 ,2.7 ,2.7 ,2.3 ,2.4 ,2.3 ,2.6 ,2.8 ,3.8 ,3.7 ,3.8 ,3.6 
Theft offences,Cleveland,10.4 ,9.5 ,7.1 ,6.5 ,5.8 ,5.6 ,4.6 ,3.8 ,3.6 ,3.7 ,3.2 ,3.1 ,3.5 ,3.7 ,3.6 ,5.1 ,5.0 ,5.2 ,4.9 
Theft offences,Durham,4.7 ,4.4 ,4.0 ,4.0 ,4.0 ,3.7 ,3.7 ,3.3 ,2.7 ,2.6 ,2.2 ,2.3 ,2.1 ,2.3 ,2.6 ,3.7 ,3.5 ,3.6 ,3.3 
Theft offences,Northumbria,6.7 ,6.1 ,4.9 ,4.3 ,4.0 ,3.3 ,3.1 ,2.5 ,2.4 ,2.3 ,2.1 ,2.1 ,2.0 ,2.3 ,2.6 ,3.4 ,3.3 ,3.4 ,3.2 
Theft offences,North West,8.7 ,7.9 ,6.4 ,5.9 ,5.6 ,4.9 ,4.8 ,4.3 ,3.9 ,3.7 ,3.4 ,3.5 ,3.4 ,3.5 ,3.7 ,4.6 ,4.4 ,4.5 ,4.3 
Theft offences,Cheshire,5.6 ,5.2 ,4.2 ,4.5 ,4.2 ,3.7 ,3.6 ,3.4 ,3.0 ,2.8 ,2.6 ,2.6 ,2.2 ,1.9 ,1.9 ,2.5 ,2.4 ,2.5 ,2.4 
Theft offences,Cumbria,3.9 ,3.5 ,3.2 ,2.7 ,2.3 ,1.9 ,1.8 ,1.7 ,1.6 ,1.5 ,1.5 ,1.5 ,1.4 ,1.6 ,1.5 ,1.8 ,2.1 ,1.9 ,2.0 
Theft offences,Greater Manchester,12.5 ,11.2 ,8.5 ,7.9 ,7.6 ,6.7 ,6.8 ,5.8 ,5.3 ,4.6 ,4.3 ,4.4 ,4.4 ,4.5 ,5.0 ,5.9 ,5.7 ,5.8 ,5.5 
Theft offences,Lancashire,5.6 ,5.4 ,4.5 ,4.1 ,3.9 ,3.5 ,3.4 ,3.0 ,3.0 ,2.9 ,2.8 ,3.0 ,3.1 ,3.0 ,3.3 ,4.3 ,4.7 ,4.4 ,4.5 
Theft offences,Merseyside,8.8 ,8.0 ,7.0 ,6.5 ,6.0 ,4.8 ,4.4 ,4.2 ,3.9 ,4.0 ,3.6 ,3.6 ,3.5 ,3.8 ,3.8 ,4.8 ,4.0 ,4.6 ,3.8 
Theft offences,Yorkshire and The Humber,11.3 ,9.6 ,6.9 ,6.4 ,6.2 ,5.8 ,5.8 ,5.2 ,5.1 ,4.8 ,4.1 ,3.8 ,3.6 ,3.8 ,4.1 ,5.0 ,4.8 ,4.9 ,4.8 
Theft offences,Humberside,11.5 ,10.2 ,7.9 ,7.2 ,6.6 ,5.4 ,5.4 ,4.4 ,4.4 ,4.1 ,3.6 ,3.8 ,3.6 ,3.7 ,3.5 ,4.8 ,4.4 ,4.7 ,4.4 
Theft offences,North Yorkshire,5.6 ,5.7 ,3.8 ,3.6 ,3.3 ,2.9 ,3.0 ,2.5 ,2.5 ,2.3 ,2.0 ,1.9 ,1.7 ,1.9 ,1.7 ,2.1 ,2.3 ,2.1 ,2.3 
Theft offences,South Yorkshire,10.7 ,8.5 ,6.8 ,6.8 ,6.7 ,6.1 ,5.6 ,4.8 ,4.6 ,4.7 ,4.7 ,4.2 ,4.0 ,3.7 ,4.4 ,5.2 ,5.1 ,5.0 ,5.1 
Theft offences,West Yorkshire,13.6 ,11.5 ,7.7 ,6.9 ,6.9 ,6.7 ,7.1 ,6.8 ,6.6 ,6.0 ,4.7 ,4.3 ,4.1 ,4.5 ,5.0 ,5.9 ,5.8 ,5.9 ,5.6 
Theft offences,East Midlands,8.1 ,7.6 ,6.1 ,5.4 ,5.3 ,4.8 ,4.8 ,4.2 ,3.6 ,3.3 ,3.0 ,3.0 ,2.8 ,2.7 ,2.9 ,3.6 ,3.5 ,3.5 ,3.5 
Theft offences,Derbyshire,7.3 ,6.4 ,4.6 ,4.0 ,4.1 ,3.6 ,3.7 ,3.3 ,3.1 ,2.9 ,2.5 ,2.6 ,2.4 ,2.2 ,2.3 ,3.0 ,2.9 ,2.9 ,2.9 
Theft offences,Leicestershire,6.0 ,5.9 ,5.3 ,4.6 ,4.8 ,4.5 ,4.6 ,4.4 ,3.6 ,3.5 ,3.1 ,3.3 ,3.2 ,3.3 ,3.5 ,4.3 ,4.2 ,4.1 ,4.2 
Theft offences,Lincolnshire,5.9 ,4.9 ,4.0 ,3.8 ,3.6 ,3.1 ,3.3 ,3.0 ,3.2 ,3.0 ,2.7 ,2.5 ,2.4 ,2.4 ,2.3 ,3.0 ,2.9 ,2.9 ,2.9 
Theft offences,Northamptonshire,7.0 ,7.5 ,6.5 ,5.9 ,5.5 ,5.1 ,5.0 ,4.3 ,3.4 ,3.3 ,3.7 ,3.1 ,2.9 ,3.1 ,3.5 ,3.8 ,3.9 ,3.7 ,3.8 
Theft offences,Nottinghamshire,12.9 ,12.1 ,9.4 ,8.0 ,7.9 ,7.2 ,6.7 ,5.5 ,4.3 ,3.5 ,3.2 ,3.3 ,3.1 ,2.7 ,3.0 ,3.8 ,3.7 ,3.8 ,3.6 
Theft offences,West Midlands ,7.1 ,6.8 ,5.3 ,5.0 ,4.7 ,4.4 ,4.1 ,3.8 ,4.0 ,3.6 ,3.1 ,2.9 ,2.7 ,2.8 ,3.2 ,4.1 ,4.1 ,4.0 ,4.0 
Theft offences,Staffordshire,5.6 ,5.2 ,4.2 ,4.2 ,4.2 ,3.7 ,3.5 ,3.0 ,2.7 ,2.6 ,2.3 ,2.1 ,2.1 ,2.1 ,2.3 ,2.8 ,2.7 ,2.8 ,2.6 
Theft offences,Warwickshire,5.6 ,5.6 ,4.8 ,4.6 ,4.8 ,4.1 ,3.9 ,3.7 ,3.4 ,3.8 ,3.1 ,2.9 ,2.4 ,2.5 ,2.8 ,4.1 ,3.7 ,4.0 ,3.7 
Theft offences,West Mercia,5.0 ,4.7 ,3.9 ,3.3 ,2.9 ,3.1 ,3.1 ,2.7 ,2.7 ,2.5 ,2.2 ,2.1 ,2.0 ,2.2 ,2.4 ,3.1 ,3.0 ,3.0 ,2.9 
Theft offences,West Midlands,8.9 ,8.6 ,6.4 ,6.2 ,5.7 ,5.4 ,4.9 ,4.6 ,5.2 ,4.4 ,3.8 ,3.6 ,3.3 ,3.4 ,3.9 ,5.0 ,5.2 ,5.0 ,5.1 
Theft offences,East,5.0 ,4.8 ,4.1 ,4.0 ,3.8 ,3.6 ,3.5 ,3.3 ,3.2 ,2.9 ,2.8 ,2.6 ,2.5 ,2.5 ,2.6 ,3.4 ,3.3 ,3.3 ,3.2 
Theft offences,Bedfordshire,6.3 ,7.1 ,5.7 ,5.7 ,5.6 ,5.9 ,5.1 ,4.3 ,4.7 ,3.9 ,3.5 ,3.4 ,3.5 ,3.1 ,3.5 ,4.5 ,4.7 ,4.5 ,4.5 
Theft offences,Cambridgeshire,7.0 ,5.7 ,4.6 ,4.3 ,4.7 ,4.2 ,4.6 ,4.0 ,3.6 ,3.1 ,2.9 ,2.6 ,2.6 ,2.6 ,2.7 ,3.9 ,3.4 ,3.6 ,3.4 
Theft offences,Essex,4.4 ,4.3 ,3.8 ,3.8 ,3.6 ,3.4 ,3.4 ,3.3 ,3.2 ,3.3 ,3.5 ,3.3 ,3.1 ,3.1 ,3.3 ,3.7 ,3.8 ,3.7 ,3.7 
Theft offences,Hertfordshire,4.9 ,5.2 ,4.8 ,4.5 ,4.0 ,3.8 ,3.9 ,3.4 ,3.2 ,2.6 ,2.2 ,2.2 ,2.2 ,2.2 ,2.2 ,3.2 ,3.1 ,3.2 ,3.0 
Theft offences,Norfolk,4.6 ,3.9 ,3.1 ,2.8 ,2.7 ,2.5 ,2.2 ,2.1 ,2.1 ,1.8 ,1.6 ,1.5 ,1.6 ,1.7 ,1.7 ,2.3 ,2.1 ,2.2 ,2.1 
Theft offences,Suffolk,3.5 ,3.5 ,3.0 ,3.0 ,2.8 ,2.7 ,2.5 ,2.6 ,2.7 ,2.6 ,2.4 ,2.0 ,1.9 ,2.0 ,1.9 ,2.9 ,2.5 ,2.8 ,2.5 
Theft offences,London,8.9 ,8.4 ,7.7 ,7.5 ,6.8 ,6.3 ,6.0 ,6.0 ,6.0 ,6.2 ,5.8 ,5.2 ,4.6 ,4.4 ,4.5 ,5.3 ,5.6 ,5.3 ,5.6 
Theft offences,City of London,:,:,:,:,:,:,:,:,:,:,:,:,:,:,:,:,:,:,:
Theft offences,Metropolitan Police,8.9 ,8.4 ,7.7 ,7.5 ,6.8 ,6.3 ,6.0 ,6.0 ,6.0 ,6.1 ,5.8 ,5.2 ,4.5 ,4.4 ,4.4 ,5.2 ,5.6 ,5.3 ,5.6 
Theft offences,South East,4.8 ,4.8 ,4.2 ,4.1 ,3.9 ,3.5 ,3.4 ,3.1 ,3.0 ,2.8 ,2.6 ,2.4 ,2.2 ,2.1 ,2.3 ,3.0 ,2.9 ,2.9 ,2.9 
Theft offences,Hampshire,4.0 ,4.1 ,3.5 ,3.6 ,3.5 ,3.2 ,3.3 ,2.9 ,2.8 ,2.6 ,2.1 ,2.1 ,2.0 ,2.0 ,2.3 ,3.0 ,3.0 ,2.9 ,2.9 
Theft offences,Kent,4.6 ,4.5 ,4.2 ,4.3 ,4.2 ,3.6 ,3.2 ,2.9 ,2.8 ,2.8 ,3.0 ,3.0 ,2.7 ,2.4 ,2.5 ,3.4 ,3.6 ,3.5 ,3.5 
Theft offences,Surrey,3.7 ,3.7 ,3.3 ,3.1 ,3.1 ,2.9 ,2.7 ,2.7 ,2.8 ,2.6 ,2.4 ,2.2 ,1.9 ,1.9 ,2.2 ,2.9 ,2.8 ,2.8 ,2.8 
Theft offences,Sussex,5.0 ,4.8 ,4.3 ,3.8 ,3.3 ,2.9 ,2.8 ,2.6 ,2.4 ,2.5 ,2.5 ,2.2 ,2.1 ,1.8 ,2.0 ,2.5 ,2.4 ,2.5 ,2.4 
Theft offences,Thames Valley,5.9 ,6.0 ,5.2 ,5.0 ,4.9 ,4.4 ,4.4 ,4.0 ,3.7 ,3.4 ,2.8 ,2.4 ,2.1 ,2.1 ,2.3 ,3.0 ,2.8 ,2.9 ,2.7 
Theft offences,South West,5.6 ,4.9 ,4.4 ,3.8 ,3.7 ,3.5 ,3.4 ,3.0 ,2.9 ,2.8 ,2.4 ,2.2 ,2.1 ,2.2 ,2.3 ,2.7 ,2.5 ,2.6 ,2.4 
Theft offences,Avon and Somerset,8.4 ,6.7 ,5.8 ,5.0 ,4.8 ,4.9 ,4.7 ,4.1 ,3.6 ,3.2 ,2.8 ,2.5 ,2.6 ,3.0 ,3.0 ,3.5 ,3.1 ,3.4 ,3.1 
Theft offences,Devon and Cornwall,4.2 ,3.6 ,3.6 ,3.2 ,3.1 ,2.7 ,2.5 ,2.1 ,2.0 ,2.3 ,1.9 ,1.8 ,1.6 ,1.4 ,1.5 ,1.6 ,1.6 ,1.6 ,1.5 
Theft offences,Dorset,4.4 ,4.4 ,3.8 ,3.4 ,2.9 ,2.7 ,2.8 ,2.8 ,2.8 ,2.7 ,2.6 ,2.4 ,2.0 ,2.3 ,2.2 ,2.8 ,2.7 ,2.8 ,2.6 
Theft offences,Gloucestershire,5.6 ,5.8 ,4.7 ,4.2 ,4.2 ,3.7 ,3.7 ,3.5 ,3.7 ,3.7 ,2.9 ,3.1 ,2.8 ,2.7 ,2.6 ,3.1 ,3.3 ,3.0 ,3.1 
Theft offences,Wiltshire,4.0 ,3.8 ,3.3 ,2.9 ,3.0 ,3.0 ,2.5 ,2.6 ,2.6 ,2.3 ,2.2 ,1.9 ,1.7 ,1.9 ,2.2 ,2.7 ,2.2 ,2.6 ,2.1 
Theft offences,WALES,5.1 ,4.9 ,4.1 ,3.6 ,3.7 ,3.6 ,3.4 ,3.2 ,2.9 ,2.8 ,2.5 ,2.3 ,2.3 ,2.1 ,2.1 ,2.7 ,2.7 ,2.7 ,2.7 
Theft offences,Dyfed-Powys,1.6 ,2.1 ,2.2 ,1.8 ,1.7 ,1.6 ,1.5 ,1.3 ,1.3 ,1.2 ,1.0 ,0.9 ,1.0 ,1.1 ,1.3 ,1.6 ,1.8 ,1.6 ,1.8 
Theft offences,Gwent,5.2 ,5.4 ,4.7 ,4.2 ,4.1 ,3.9 ,3.9 ,4.7 ,4.4 ,3.2 ,2.9 ,2.8 ,2.6 ,2.5 ,2.5 ,3.2 ,3.2 ,3.2 ,3.1 
Theft offences,North Wales,4.7 ,4.0 ,2.8 ,2.3 ,2.3 ,2.1 ,2.3 ,2.2 ,2.3 ,2.6 ,2.2 ,2.2 ,2.0 ,1.9 ,1.9 ,2.5 ,2.7 ,2.5 ,2.7 
Theft offences,South Wales,6.8 ,6.2 ,5.3 ,4.9 ,5.0 ,5.1 ,4.4 ,3.7 ,3.3 ,3.2 ,3.1 ,2.7 ,2.7 ,2.5 ,2.5 ,3.0 ,2.9 ,2.9 ,2.9 
Criminal damage and arson,ENGLAND AND WALES,0.6 ,0.6 ,0.5 ,0.5 ,0.5 ,0.4 ,0.3 ,0.2 ,0.2 ,0.2 ,0.1 ,0.1 ,0.1 ,0.2 ,0.2 ,0.2 ,0.2 ,0.2 ,0.2 
Criminal damage and arson,ENGLAND,0.6 ,0.6 ,0.5 ,0.5 ,0.5 ,0.4 ,0.2 ,0.2 ,0.2 ,0.2 ,0.1 ,0.1 ,0.1 ,0.2 ,0.2 ,0.2 ,0.2 ,0.2 ,0.2 
Criminal damage and arson,North East,0.8 ,0.8 ,0.7 ,0.7 ,0.7 ,0.6 ,0.3 ,0.3 ,0.2 ,0.2 ,0.2 ,0.2 ,0.2 ,0.2 ,0.3 ,0.3 ,0.3 ,0.3 ,0.3 
Criminal damage and arson,Cleveland,0.7 ,0.7 ,0.7 ,0.8 ,0.9 ,0.8 ,0.4 ,0.3 ,0.3 ,0.3 ,0.2 ,0.2 ,0.2 ,0.3 ,0.3 ,0.3 ,0.3 ,0.2 ,0.3 
Criminal damage and arson,Durham,0.6 ,0.6 ,0.5 ,0.6 ,0.6 ,0.5 ,0.3 ,0.3 ,0.2 ,0.2 ,0.2 ,0.2 ,0.2 ,0.2 ,0.3 ,0.3 ,0.3 ,0.3 ,0.3 
Criminal damage and arson,Northumbria,0.9 ,0.9 ,0.8 ,0.6 ,0.6 ,0.5 ,0.3 ,0.3 ,0.2 ,0.2 ,0.2 ,0.2 ,0.2 ,0.2 ,0.2 ,0.3 ,0.3 ,0.3 ,0.3 
Criminal damage and arson,North West,0.6 ,0.7 ,0.6 ,0.6 ,0.6 ,0.5 ,0.3 ,0.3 ,0.2 ,0.2 ,0.2 ,0.2 ,0.2 ,0.2 ,0.2 ,0.3 ,0.2 ,0.3 ,0.2 
Criminal damage and arson,Cheshire,0.4 ,0.5 ,0.6 ,0.6 ,0.5 ,0.4 ,0.3 ,0.2 ,0.2 ,0.2 ,0.1 ,0.1 ,0.1 ,0.1 ,0.2 ,0.2 ,0.2 ,0.2 ,0.2 
Criminal damage and arson,Cumbria,0.5 ,0.5 ,0.5 ,0.6 ,0.5 ,0.4 ,0.2 ,0.2 ,0.2 ,0.2 ,0.1 ,0.1 ,0.1 ,0.1 ,0.1 ,0.2 ,0.2 ,0.2 ,0.2 
Criminal damage and arson,Greater Manchester,0.8 ,0.9 ,0.7 ,0.7 ,0.6 ,0.6 ,0.4 ,0.3 ,0.3 ,0.3 ,0.2 ,0.2 ,0.2 ,0.2 ,0.3 ,0.3 ,0.3 ,0.3 ,0.3 
Criminal damage and arson,Lancashire,0.6 ,0.8 ,0.7 ,0.6 ,0.6 ,0.5 ,0.3 ,0.3 ,0.2 ,0.2 ,0.2 ,0.2 ,0.2 ,0.2 ,0.2 ,0.2 ,0.3 ,0.3 ,0.3 
Criminal damage and arson,Merseyside,0.6 ,0.7 ,0.7 ,0.6 ,0.6 ,0.5 ,0.3 ,0.3 ,0.2 ,0.2 ,0.2 ,0.2 ,0.2 ,0.2 ,0.2 ,0.3 ,0.2 ,0.3 ,0.2 
Criminal damage and arson,Yorkshire and The Humber,0.7 ,0.8 ,0.7 ,0.7 ,0.7 ,0.6 ,0.3 ,0.3 ,0.3 ,0.2 ,0.2 ,0.2 ,0.2 ,0.2 ,0.3 ,0.3 ,0.3 ,0.3 ,0.3 
Criminal damage and arson,Humberside,0.9 ,1.1 ,0.9 ,0.7 ,0.8 ,0.7 ,0.4 ,0.4 ,0.3 ,0.3 ,0.2 ,0.3 ,0.2 ,0.3 ,0.3 ,0.3 ,0.4 ,0.3 ,0.4 
Criminal damage and arson,North Yorkshire,0.3 ,0.4 ,0.3 ,0.3 ,0.3 ,0.3 ,0.2 ,0.2 ,0.1 ,0.1 ,0.1 ,0.1 ,0.1 ,0.1 ,0.1 ,0.1 ,0.1 ,0.1 ,0.1 
Criminal damage and arson,South Yorkshire,0.6 ,0.6 ,0.7 ,0.9 ,0.9 ,0.8 ,0.4 ,0.3 ,0.3 ,0.3 ,0.2 ,0.2 ,0.2 ,0.2 ,0.3 ,0.4 ,0.3 ,0.3 ,0.3 
Criminal damage and arson,West Yorkshire,0.7 ,0.9 ,0.7 ,0.7 ,0.6 ,0.6 ,0.3 ,0.3 ,0.3 ,0.2 ,0.2 ,0.2 ,0.2 ,0.2 ,0.3 ,0.3 ,0.3 ,0.3 ,0.3 
Criminal damage and arson,East Midlands,0.6 ,0.7 ,0.6 ,0.6 ,0.5 ,0.5 ,0.3 ,0.3 ,0.2 ,0.2 ,0.1 ,0.1 ,0.1 ,0.2 ,0.2 ,0.2 ,0.2 ,0.2 ,0.2 
Criminal damage and arson,Derbyshire,0.6 ,0.5 ,0.4 ,0.4 ,0.4 ,0.4 ,0.2 ,0.2 ,0.2 ,0.2 ,0.1 ,0.1 ,0.1 ,0.1 ,0.1 ,0.1 ,0.1 ,0.1 ,0.2 
Criminal damage and arson,Leicestershire,0.5 ,0.5 ,0.5 ,0.4 ,0.5 ,0.4 ,0.3 ,0.2 ,0.2 ,0.2 ,0.1 ,0.1 ,0.1 ,0.1 ,0.1 ,0.2 ,0.2 ,0.2 ,0.2 
Criminal damage and arson,Lincolnshire,0.7 ,0.8 ,0.6 ,0.5 ,0.5 ,0.5 ,0.3 ,0.3 ,0.2 ,0.2 ,0.1 ,0.1 ,0.1 ,0.1 ,0.2 ,0.2 ,0.2 ,0.2 ,0.2 
Criminal damage and arson,Northamptonshire,0.7 ,0.8 ,0.6 ,0.6 ,0.6 ,0.6 ,0.3 ,0.3 ,0.3 ,0.2 ,0.2 ,0.2 ,0.2 ,0.2 ,0.2 ,0.2 ,0.2 ,0.2 ,0.2 
Criminal damage and arson,Nottinghamshire,0.7 ,0.8 ,0.8 ,0.7 ,0.6 ,0.6 ,0.3 ,0.3 ,0.2 ,0.2 ,0.1 ,0.1 ,0.1 ,0.2 ,0.2 ,0.2 ,0.2 ,0.2 ,0.2 
Criminal damage and arson,West Midlands ,0.6 ,0.6 ,0.5 ,0.5 ,0.5 ,0.4 ,0.2 ,0.2 ,0.2 ,0.2 ,0.1 ,0.1 ,0.1 ,0.1 ,0.1 ,0.2 ,0.1 ,0.2 ,0.1 
Criminal damage and arson,Staffordshire,0.5 ,0.6 ,0.5 ,0.5 ,0.5 ,0.4 ,0.3 ,0.2 ,0.2 ,0.2 ,0.1 ,0.2 ,0.2 ,0.2 ,0.2 ,0.2 ,0.2 ,0.2 ,0.2 
Criminal damage and arson,Warwickshire,0.5 ,0.5 ,0.4 ,0.4 ,0.4 ,0.3 ,0.2 ,0.2 ,0.2 ,0.1 ,0.1 ,0.1 ,0.1 ,0.1 ,0.1 ,0.1 ,0.1 ,0.1 ,0.1 
Criminal damage and arson,West Mercia,0.6 ,0.5 ,0.4 ,0.4 ,0.4 ,0.3 ,0.2 ,0.2 ,0.2 ,0.2 ,0.1 ,0.1 ,0.1 ,0.1 ,0.1 ,0.1 ,0.1 ,0.1 ,0.1 
Criminal damage and arson,West Midlands,0.8 ,0.7 ,0.5 ,0.5 ,0.5 ,0.4 ,0.2 ,0.2 ,0.2 ,0.2 ,0.1 ,0.1 ,0.1 ,0.1 ,0.1 ,0.2 ,0.1 ,0.2 ,0.1 
Criminal damage and arson,East,0.6 ,0.6 ,0.5 ,0.4 ,0.4 ,0.4 ,0.2 ,0.2 ,0.2 ,0.2 ,0.1 ,0.1 ,0.1 ,0.1 ,0.1 ,0.1 ,0.1 ,0.1 ,0.1 
Criminal damage and arson,Bedfordshire,0.6 ,0.6 ,0.5 ,0.5 ,0.4 ,0.4 ,0.2 ,0.2 ,0.2 ,0.2 ,0.1 ,0.1 ,0.2 ,0.2 ,0.1 ,0.1 ,0.2 ,0.1 ,0.2 
Criminal damage and arson,Cambridgeshire,1.0 ,0.8 ,0.6 ,0.5 ,0.6 ,0.4 ,0.3 ,0.3 ,0.2 ,0.2 ,0.1 ,0.2 ,0.2 ,0.1 ,0.2 ,0.2 ,0.2 ,0.2 ,0.2 
Criminal damage and arson,Essex,0.5 ,0.5 ,0.5 ,0.3 ,0.3 ,0.3 ,0.2 ,0.2 ,0.2 ,0.1 ,0.1 ,0.1 ,0.1 ,0.1 ,0.1 ,0.1 ,0.1 ,0.1 ,0.2 
Criminal damage and arson,Hertfordshire,0.4 ,0.4 ,0.4 ,0.4 ,0.3 ,0.3 ,0.2 ,0.1 ,0.1 ,0.1 ,0.1 ,0.1 ,0.1 ,0.1 ,0.1 ,0.1 ,0.1 ,0.1 ,0.1 
Criminal damage and arson,Norfolk,0.5 ,0.6 ,0.5 ,0.5 ,0.5 ,0.4 ,0.2 ,0.2 ,0.2 ,0.2 ,0.1 ,0.1 ,0.1 ,0.1 ,0.1 ,0.1 ,0.1 ,0.1 ,0.2 
Criminal damage and arson,Suffolk,0.5 ,0.5 ,0.5 ,0.5 ,0.5 ,0.4 ,0.2 ,0.2 ,0.2 ,0.2 ,0.1 ,0.1 ,0.2 ,0.2 ,0.2 ,0.2 ,0.1 ,0.2 ,0.1 
Criminal damage and arson,London,0.5 ,0.4 ,0.3 ,0.3 ,0.3 ,0.2 ,0.2 ,0.2 ,0.2 ,0.2 ,0.1 ,0.1 ,0.1 ,0.1 ,0.1 ,0.1 ,0.1 ,0.1 ,0.1 
Criminal damage and arson,City of London,:,:,:,:,:,:,:,:,:,:,:,:,:,:,:,:,:,:,:
Criminal damage and arson,Metropolitan Police,0.5 ,0.4 ,0.3 ,0.3 ,0.3 ,0.2 ,0.2 ,0.2 ,0.2 ,0.2 ,0.1 ,0.1 ,0.1 ,0.1 ,0.1 ,0.1 ,0.1 ,0.1 ,0.1 
Criminal damage and arson,South East,0.4 ,0.5 ,0.5 ,0.4 ,0.4 ,0.4 ,0.2 ,0.2 ,0.2 ,0.2 ,0.1 ,0.1 ,0.1 ,0.1 ,0.1 ,0.1 ,0.1 ,0.1 ,0.2 
Criminal damage and arson,Hampshire,0.4 ,0.6 ,0.5 ,0.4 ,0.5 ,0.4 ,0.3 ,0.2 ,0.2 ,0.2 ,0.1 ,0.1 ,0.1 ,0.1 ,0.1 ,0.1 ,0.2 ,0.1 ,0.1 
Criminal damage and arson,Kent,0.4 ,0.5 ,0.5 ,0.5 ,0.5 ,0.4 ,0.2 ,0.2 ,0.2 ,0.2 ,0.1 ,0.1 ,0.1 ,0.1 ,0.2 ,0.2 ,0.2 ,0.2 ,0.2 
Criminal damage and arson,Surrey,0.3 ,0.4 ,0.3 ,0.3 ,0.3 ,0.2 ,0.2 ,0.2 ,0.1 ,0.1 ,0.1 ,0.1 ,0.1 ,0.1 ,0.1 ,0.1 ,0.1 ,0.1 ,0.1 
Criminal damage and arson,Sussex,0.4 ,0.5 ,0.5 ,0.4 ,0.4 ,0.3 ,0.2 ,0.2 ,0.2 ,0.2 ,0.1 ,0.1 ,0.1 ,0.1 ,0.1 ,0.1 ,0.1 ,0.1 ,0.2 
Criminal damage and arson,Thames Valley,0.4 ,0.5 ,0.4 ,0.4 ,0.4 ,0.4 ,0.2 ,0.2 ,0.2 ,0.2 ,0.1 ,0.1 ,0.1 ,0.1 ,0.1 ,0.1 ,0.1 ,0.1 ,0.1 
Criminal damage and arson,South West,0.5 ,0.6 ,0.5 ,0.5 ,0.4 ,0.4 ,0.2 ,0.2 ,0.2 ,0.2 ,0.1 ,0.1 ,0.1 ,0.1 ,0.1 ,0.1 ,0.1 ,0.1 ,0.1 
Criminal damage and arson,Avon and Somerset,0.5 ,0.6 ,0.6 ,0.5 ,0.5 ,0.5 ,0.3 ,0.2 ,0.2 ,0.2 ,0.2 ,0.2 ,0.2 ,0.2 ,0.2 ,0.2 ,0.2 ,0.2 ,0.2 
Criminal damage and arson,Devon and Cornwall,0.5 ,0.5 ,0.5 ,0.4 ,0.4 ,0.4 ,0.2 ,0.2 ,0.2 ,0.2 ,0.1 ,0.1 ,0.1 ,0.1 ,0.1 ,0.1 ,0.1 ,0.1 ,0.2 
Criminal damage and arson,Dorset,0.5 ,0.7 ,0.5 ,0.5 ,0.4 ,0.4 ,0.2 ,0.2 ,0.2 ,0.2 ,0.1 ,0.1 ,0.1 ,0.1 ,0.1 ,0.1 ,0.1 ,0.1 ,0.1 
Criminal damage and arson,Gloucestershire,0.5 ,0.5 ,0.5 ,0.5 ,0.5 ,0.4 ,0.2 ,0.2 ,0.1 ,0.2 ,0.1 ,0.1 ,0.1 ,0.1 ,0.1 ,0.1 ,0.1 ,0.1 ,0.1 
Criminal damage and arson,Wiltshire,0.4 ,0.4 ,0.3 ,0.3 ,0.3 ,0.3 ,0.2 ,0.2 ,0.1 ,0.1 ,0.1 ,0.1 ,0.1 ,0.1 ,0.1 ,0.1 ,0.1 ,0.1 ,0.1 
Criminal damage and arson,WALES,0.5 ,0.6 ,0.5 ,0.5 ,0.5 ,0.4 ,0.3 ,0.3 ,0.2 ,0.2 ,0.2 ,0.1 ,0.2 ,0.2 ,0.2 ,0.2 ,0.3 ,0.2 ,0.3 
Criminal damage and arson,Dyfed-Powys,0.2 ,0.3 ,0.3 ,0.3 ,0.3 ,0.2 ,0.2 ,0.1 ,0.1 ,0.1 ,0.1 ,0.1 ,0.1 ,0.1 ,0.1 ,0.1 ,0.1 ,0.1 ,0.1 
Criminal damage and arson,Gwent,0.6 ,0.6 ,0.6 ,0.6 ,0.6 ,0.5 ,0.4 ,0.4 ,0.3 ,0.2 ,0.2 ,0.2 ,0.2 ,0.2 ,0.2 ,0.4 ,0.6 ,0.4 ,0.6 
Criminal damage and arson,North Wales,0.6 ,0.6 ,0.4 ,0.4 ,0.4 ,0.4 ,0.2 ,0.2 ,0.2 ,0.2 ,0.2 ,0.1 ,0.2 ,0.2 ,0.2 ,0.2 ,0.2 ,0.2 ,0.3 
Criminal damage and arson,South Wales,0.6 ,0.6 ,0.6 ,0.5 ,0.6 ,0.5 ,0.3 ,0.3 ,0.2 ,0.2 ,0.1 ,0.1 ,0.2 ,0.2 ,0.2 ,0.2 ,0.2 ,0.1 ,0.2 
Other crimes against society,ENGLAND AND WALES,0.6 ,0.6 ,0.6 ,0.6 ,0.6 ,0.6 ,0.6 ,0.6 ,0.5 ,0.5 ,0.5 ,0.5 ,0.5 ,0.5 ,0.6 ,0.7 ,0.7 ,0.7 ,0.7 
Other crimes against society,ENGLAND,0.6 ,0.6 ,0.6 ,0.6 ,0.6 ,0.6 ,0.6 ,0.6 ,0.5 ,0.5 ,0.5 ,0.5 ,0.5 ,0.5 ,0.6 ,0.6 ,0.7 ,0.7 ,0.7 
Other crimes against society,North East,0.6 ,0.6 ,0.6 ,0.7 ,0.7 ,0.6 ,0.6 ,0.6 ,0.5 ,0.5 ,0.5 ,0.4 ,0.4 ,0.5 ,0.7 ,0.8 ,0.9 ,0.8 ,0.9 
Other crimes against society,Cleveland,0.7 ,0.5 ,0.7 ,0.8 ,1.0 ,0.9 ,0.8 ,1.0 ,0.6 ,0.6 ,0.5 ,0.5 ,0.5 ,0.5 ,0.6 ,0.6 ,0.8 ,0.6 ,0.8 
Other crimes against society,Durham,0.4 ,0.4 ,0.5 ,0.7 ,0.6 ,0.6 ,0.5 ,0.7 ,0.5 ,0.5 ,0.4 ,0.5 ,0.5 ,0.4 ,0.5 ,0.7 ,0.8 ,0.8 ,0.8 
Other crimes against society,Northumbria,0.7 ,0.6 ,0.6 ,0.7 ,0.6 ,0.6 ,0.6 ,0.5 ,0.5 ,0.5 ,0.4 ,0.4 ,0.4 ,0.5 ,0.7 ,0.9 ,1.0 ,0.9 ,0.9 
Other crimes against society,North West,0.6 ,0.7 ,0.7 ,0.7 ,0.6 ,0.7 ,0.6 ,0.7 ,0.7 ,0.6 ,0.6 ,0.6 ,0.6 ,0.6 ,0.6 ,0.9 ,1.0 ,1.0 ,1.0 
Other crimes against society,Cheshire,0.3 ,0.4 ,0.4 ,0.4 ,0.4 ,0.4 ,0.4 ,0.5 ,0.4 ,0.4 ,0.3 ,0.4 ,0.5 ,0.4 ,0.5 ,0.7 ,0.7 ,0.7 ,0.7 
Other crimes against society,Cumbria,0.3 ,0.5 ,0.5 ,0.8 ,0.7 ,0.7 ,0.6 ,0.6 ,0.5 ,0.5 ,0.4 ,0.5 ,0.5 ,0.4 ,0.4 ,0.5 ,0.5 ,0.5 ,0.5 
Other crimes against society,Greater Manchester,0.6 ,0.7 ,0.8 ,0.9 ,0.8 ,0.8 ,0.7 ,0.8 ,0.8 ,0.8 ,0.7 ,0.6 ,0.6 ,0.7 ,0.8 ,1.2 ,1.3 ,1.3 ,1.4 
Other crimes against society,Lancashire,0.7 ,0.7 ,0.6 ,0.6 ,0.6 ,0.7 ,0.6 ,0.6 ,0.5 ,0.5 ,0.5 ,0.5 ,0.5 ,0.5 ,0.5 ,0.6 ,0.9 ,0.7 ,0.9 
Other crimes against society,Merseyside,0.7 ,0.9 ,0.8 ,0.6 ,0.6 ,0.7 ,0.6 ,0.7 ,0.8 ,0.7 ,0.7 ,0.8 ,0.7 ,0.7 ,0.7 ,0.9 ,1.0 ,0.9 ,1.0 
Other crimes against society,Yorkshire and The Humber,0.5 ,0.6 ,0.6 ,0.7 ,0.8 ,0.8 ,0.7 ,0.8 ,0.7 ,0.6 ,0.6 ,0.6 ,0.6 ,0.6 ,0.7 ,0.8 ,0.9 ,0.8 ,1.0 
Other crimes against society,Humberside,0.6 ,0.7 ,0.8 ,0.8 ,0.9 ,1.0 ,0.6 ,0.5 ,0.6 ,0.5 ,0.5 ,0.6 ,0.5 ,0.5 ,0.6 ,0.7 ,0.8 ,0.7 ,0.8 
Other crimes against society,North Yorkshire,0.4 ,0.5 ,0.4 ,0.4 ,0.4 ,0.5 ,0.4 ,0.3 ,0.3 ,0.3 ,0.3 ,0.3 ,0.4 ,0.3 ,0.3 ,0.3 ,0.4 ,0.4 ,0.4 
Other crimes against society,South Yorkshire,0.6 ,0.6 ,0.6 ,0.6 ,0.6 ,0.7 ,0.6 ,0.7 ,0.7 ,0.6 ,0.6 ,0.6 ,0.6 ,0.6 ,0.7 ,0.8 ,0.9 ,0.8 ,1.0 
Other crimes against society,West Yorkshire,0.5 ,0.6 ,0.7 ,0.9 ,0.9 ,0.9 ,0.9 ,1.1 ,0.8 ,0.8 ,0.7 ,0.6 ,0.6 ,0.8 ,0.9 ,1.1 ,1.2 ,1.1 ,1.2 
Other crimes against society,East Midlands,0.5 ,0.6 ,0.6 ,0.6 ,0.6 ,0.6 ,0.6 ,0.6 ,0.6 ,0.5 ,0.4 ,0.4 ,0.5 ,0.5 ,0.5 ,0.6 ,0.8 ,0.7 ,0.8 
Other crimes against society,Derbyshire,0.6 ,0.6 ,0.6 ,0.5 ,0.4 ,0.5 ,0.5 ,0.5 ,0.5 ,0.4 ,0.4 ,0.5 ,0.4 ,0.5 ,0.5 ,0.5 ,0.6 ,0.6 ,0.6 
Other crimes against society,Leicestershire,0.4 ,0.6 ,0.6 ,0.6 ,0.7 ,0.5 ,0.6 ,0.7 ,0.5 ,0.4 ,0.4 ,0.4 ,0.4 ,0.5 ,0.6 ,0.7 ,0.8 ,0.7 ,1.0 
Other crimes against society,Lincolnshire,0.5 ,0.5 ,0.6 ,0.6 ,0.5 ,0.5 ,0.6 ,0.5 ,0.5 ,0.5 ,0.4 ,0.4 ,0.4 ,0.5 ,0.5 ,0.6 ,0.9 ,0.7 ,0.9 
Other crimes against society,Northamptonshire,0.4 ,0.4 ,0.7 ,0.5 ,0.5 ,0.4 ,0.5 ,0.5 ,0.4 ,0.5 ,0.4 ,0.4 ,0.5 ,0.6 ,0.4 ,0.5 ,0.7 ,0.6 ,0.7 
Other crimes against society,Nottinghamshire,0.6 ,0.7 ,0.7 ,0.7 ,0.7 ,1.0 ,0.8 ,0.8 ,0.9 ,0.5 ,0.5 ,0.5 ,0.6 ,0.6 ,0.7 ,0.7 ,0.9 ,0.7 ,0.9 
Other crimes against society,West Midlands ,0.6 ,0.6 ,0.6 ,0.6 ,0.6 ,0.6 ,0.5 ,0.5 ,0.5 ,0.5 ,0.5 ,0.5 ,0.5 ,0.5 ,0.5 ,0.6 ,0.6 ,0.6 ,0.6 
Other crimes against society,Staffordshire,0.5 ,0.6 ,0.5 ,0.5 ,0.5 ,0.5 ,0.4 ,0.5 ,0.4 ,0.4 ,0.4 ,0.5 ,0.5 ,0.5 ,0.6 ,0.6 ,0.6 ,0.6 ,0.6 
Other crimes against society,Warwickshire,0.3 ,0.4 ,0.4 ,0.4 ,0.4 ,0.4 ,0.4 ,0.4 ,0.4 ,0.4 ,0.4 ,0.4 ,0.3 ,0.4 ,0.5 ,0.6 ,0.7 ,0.7 ,0.7 
Other crimes against society,West Mercia,0.4 ,0.5 ,0.5 ,0.5 ,0.5 ,0.5 ,0.4 ,0.4 ,0.4 ,0.4 ,0.4 ,0.4 ,0.4 ,0.5 ,0.5 ,0.6 ,0.7 ,0.6 ,0.7 
Other crimes against society,West Midlands,0.9 ,0.8 ,0.7 ,0.7 ,0.7 ,0.6 ,0.6 ,0.6 ,0.6 ,0.6 ,0.6 ,0.6 ,0.5 ,0.5 ,0.5 ,0.5 ,0.6 ,0.5 ,0.6 
Other crimes against society,East,0.4 ,0.5 ,0.5 ,0.6 ,0.6 ,0.6 ,0.5 ,0.4 ,0.4 ,0.5 ,0.4 ,0.4 ,0.5 ,0.5 ,0.5 ,0.6 ,0.7 ,0.6 ,0.7 
Other crimes against society,Bedfordshire,0.4 ,0.4 ,0.5 ,0.6 ,0.5 ,0.6 ,0.5 ,0.5 ,0.4 ,0.4 ,0.4 ,0.5 ,0.4 ,0.4 ,0.4 ,0.4 ,0.7 ,0.4 ,0.7 
Other crimes against society,Cambridgeshire,0.5 ,0.5 ,0.4 ,0.4 ,0.6 ,0.6 ,0.5 ,0.4 ,0.4 ,0.5 ,0.4 ,0.4 ,0.5 ,0.4 ,0.5 ,0.6 ,0.7 ,0.6 ,0.7 
Other crimes against society,Essex,0.4 ,0.4 ,0.6 ,0.6 ,0.8 ,0.7 ,0.6 ,0.4 ,0.5 ,0.5 ,0.4 ,0.4 ,0.4 ,0.5 ,0.5 ,0.7 ,0.8 ,0.7 ,0.7 
Other crimes against society,Hertfordshire,0.3 ,0.4 ,0.5 ,0.6 ,0.6 ,0.5 ,0.6 ,0.5 ,0.5 ,0.5 ,0.5 ,0.5 ,0.5 ,0.5 ,0.5 ,0.6 ,0.6 ,0.6 ,0.6 
Other crimes against society,Norfolk,0.4 ,0.5 ,0.5 ,0.5 ,0.5 ,0.5 ,0.4 ,0.3 ,0.3 ,0.3 ,0.3 ,0.4 ,0.4 ,0.5 ,0.6 ,0.7 ,0.8 ,0.7 ,0.8 
Other crimes against society,Suffolk,0.5 ,0.5 ,0.6 ,0.6 ,0.6 ,0.5 ,0.5 ,0.6 ,0.5 ,0.5 ,0.5 ,0.4 ,0.5 ,0.6 ,0.5 ,0.6 ,0.6 ,0.6 ,0.6 
Other crimes against society,London,0.8 ,0.8 ,0.8 ,0.9 ,0.8 ,0.8 ,0.8 ,0.7 ,0.7 ,0.6 ,0.5 ,0.5 ,0.5 ,0.5 ,0.5 ,0.5 ,0.5 ,0.5 ,0.5 
Other crimes against society,City of London,:,:,:,:,:,:,:,:,:,:,:,:,:,:,:,:,:,:,:
Other crimes against society,Metropolitan Police,0.8 ,0.8 ,0.8 ,0.8 ,0.8 ,0.8 ,0.7 ,0.7 ,0.7 ,0.6 ,0.5 ,0.5 ,0.5 ,0.5 ,0.5 ,0.5 ,0.5 ,0.5 ,0.5 
Other crimes against society,South East,0.4 ,0.4 ,0.5 ,0.5 ,0.5 ,0.5 ,0.4 ,0.5 ,0.4 ,0.4 ,0.4 ,0.4 ,0.4 ,0.4 ,0.5 ,0.6 ,0.7 ,0.7 ,0.7 
Other crimes against society,Hampshire,0.5 ,0.5 ,0.5 ,0.5 ,0.5 ,0.6 ,0.5 ,0.5 ,0.4 ,0.4 ,0.4 ,0.4 ,0.5 ,0.5 ,0.5 ,0.7 ,0.8 ,0.7 ,0.8 
Other crimes against society,Kent,0.6 ,0.5 ,0.3 ,0.4 ,0.5 ,0.4 ,0.4 ,0.4 ,0.4 ,0.4 ,0.4 ,0.4 ,0.4 ,0.4 ,0.5 ,0.8 ,1.0 ,1.0 ,0.9 
Other crimes against society,Surrey,0.4 ,0.3 ,0.4 ,0.4 ,0.4 ,0.4 ,0.4 ,0.4 ,0.5 ,0.5 ,0.4 ,0.4 ,0.4 ,0.4 ,0.4 ,0.6 ,0.7 ,0.6 ,0.7 
Other crimes against society,Sussex,0.4 ,0.5 ,0.6 ,0.6 ,0.6 ,0.6 ,0.4 ,0.5 ,0.4 ,0.4 ,0.4 ,0.3 ,0.4 ,0.5 ,0.5 ,0.6 ,0.6 ,0.6 ,0.6 
Other crimes against society,Thames Valley,0.3 ,0.4 ,0.4 ,0.4 ,0.4 ,0.4 ,0.4 ,0.4 ,0.4 ,0.4 ,0.4 ,0.4 ,0.4 ,0.4 ,0.4 ,0.5 ,0.6 ,0.5 ,0.6 
Other crimes against society,South West,0.4 ,0.5 ,0.4 ,0.5 ,0.5 ,0.4 ,0.4 ,0.4 ,0.4 ,0.4 ,0.3 ,0.4 ,0.4 ,0.4 ,0.5 ,0.5 ,0.5 ,0.5 ,0.5 
Other crimes against society,Avon and Somerset,0.3 ,0.4 ,0.5 ,0.5 ,0.5 ,0.5 ,0.4 ,0.4 ,0.4 ,0.4 ,0.3 ,0.5 ,0.3 ,0.5 ,0.7 ,0.6 ,0.6 ,0.5 ,0.6 
Other crimes against society,Devon and Cornwall,0.4 ,0.6 ,0.4 ,0.4 ,0.4 ,0.4 ,0.4 ,0.5 ,0.5 ,0.4 ,0.4 ,0.4 ,0.4 ,0.4 ,0.4 ,0.6 ,0.6 ,0.6 ,0.6 
Other crimes against society,Dorset,0.3 ,0.4 ,0.4 ,0.5 ,0.5 ,0.4 ,0.5 ,0.5 ,0.4 ,0.3 ,0.2 ,0.2 ,0.3 ,0.4 ,0.4 ,0.4 ,0.4 ,0.4 ,0.4 
Other crimes against society,Gloucestershire,0.6 ,0.5 ,0.5 ,0.6 ,0.5 ,0.5 ,0.5 ,0.5 ,0.4 ,0.4 ,0.3 ,0.3 ,0.3 ,0.3 ,0.4 ,0.4 ,0.4 ,0.4 ,0.5 
Other crimes against society,Wiltshire,0.4 ,0.3 ,0.4 ,0.4 ,0.4 ,0.2 ,0.3 ,0.3 ,0.2 ,0.2 ,0.3 ,0.3 ,0.4 ,0.5 ,0.5 ,0.6 ,0.5 ,0.5 ,0.5 
Other crimes against society,WALES,0.6 ,0.5 ,0.6 ,0.5 ,0.5 ,0.6 ,0.6 ,0.6 ,0.6 ,0.5 ,0.5 ,0.5 ,0.5 ,0.5 ,0.5 ,0.6 ,0.7 ,0.6 ,0.7 
Other crimes against society,Dyfed-Powys,0.7 ,0.6 ,0.5 ,0.5 ,0.5 ,0.5 ,0.4 ,0.5 ,0.5 ,0.5 ,0.4 ,0.5 ,0.4 ,0.4 ,0.4 ,0.4 ,0.5 ,0.4 ,0.6 
Other crimes against society,Gwent,0.7 ,0.6 ,0.6 ,0.4 ,0.5 ,0.5 ,0.5 ,0.5 ,0.5 ,0.6 ,0.6 ,0.7 ,0.6 ,0.6 ,0.6 ,0.8 ,0.9 ,0.8 ,0.9 
Other crimes against society,North Wales,0.4 ,0.4 ,0.5 ,0.5 ,0.5 ,0.5 ,0.5 ,0.5 ,0.5 ,0.4 ,0.4 ,0.3 ,0.4 ,0.4 ,0.4 ,0.6 ,0.6 ,0.6 ,0.6 
Other crimes against society,South Wales,0.6 ,0.6 ,0.6 ,0.6 ,0.6 ,0.7 ,0.7 ,0.7 ,0.6 ,0.6 ,0.6 ,0.6 ,0.5 ,0.6 ,0.6 ,0.6 ,0.7 ,0.7 ,0.7